ISO-10303-21;
HEADER;
/* Generated by software containing ST-Developer
 * from STEP Tools, Inc. (www.steptools.com) 
 */

FILE_DESCRIPTION(
/* description */ ('Component1:1__Body1'),
/* implementation_level */ '2;1');

FILE_NAME(
/* name */ 'hackpadtopcase.step',
/* time_stamp */ '2026-09-11T07:55:58+10:00',
/* author */ (''),
/* organization */ (''),
/* preprocessor_version */ 'ST-DEVELOPER v20.2',
/* originating_system */ 'Autodesk Translation Framework v15.15.0.0',
/* authorisation */ '');

FILE_SCHEMA (('AUTOMOTIVE_DESIGN { 1 0 10303 214 3 1 1 }'));
ENDSEC;

DATA;
#10=MECHANICAL_DESIGN_GEOMETRIC_PRESENTATION_REPRESENTATION('',(#13),#2403);
#11=SHAPE_REPRESENTATION_RELATIONSHIP('SRR','None',#2409,#12);
#12=ADVANCED_BREP_SHAPE_REPRESENTATION('',(#14),#2402);
#13=STYLED_ITEM('',(#2419),#14);
#14=MANIFOLD_SOLID_BREP('Body1',#1447);
#15=FACE_BOUND('',#162,.T.);
#16=FACE_BOUND('',#163,.T.);
#17=FACE_BOUND('',#164,.T.);
#18=FACE_BOUND('',#165,.T.);
#19=FACE_BOUND('',#166,.T.);
#20=FACE_BOUND('',#167,.T.);
#21=FACE_BOUND('',#168,.T.);
#22=FACE_BOUND('',#169,.T.);
#23=FACE_BOUND('',#170,.T.);
#24=FACE_BOUND('',#171,.T.);
#25=FACE_BOUND('',#172,.T.);
#26=FACE_BOUND('',#173,.T.);
#27=FACE_BOUND('',#174,.T.);
#28=FACE_BOUND('',#176,.T.);
#29=FACE_BOUND('',#177,.T.);
#30=FACE_BOUND('',#178,.T.);
#31=FACE_BOUND('',#179,.T.);
#32=FACE_BOUND('',#180,.T.);
#33=FACE_BOUND('',#181,.T.);
#34=FACE_BOUND('',#182,.T.);
#35=FACE_BOUND('',#183,.T.);
#36=FACE_BOUND('',#184,.T.);
#37=FACE_BOUND('',#185,.T.);
#38=FACE_BOUND('',#186,.T.);
#39=FACE_BOUND('',#187,.T.);
#40=FACE_BOUND('',#188,.T.);
#41=PLANE('',#1473);
#42=PLANE('',#1474);
#43=PLANE('',#1475);
#44=PLANE('',#1476);
#45=PLANE('',#1477);
#46=PLANE('',#1502);
#47=PLANE('',#1527);
#48=PLANE('',#1528);
#49=PLANE('',#1529);
#50=PLANE('',#1530);
#51=PLANE('',#1531);
#52=PLANE('',#1533);
#53=PLANE('',#1535);
#54=PLANE('',#1537);
#55=PLANE('',#1539);
#56=PLANE('',#1541);
#57=PLANE('',#1543);
#58=PLANE('',#1545);
#59=PLANE('',#1547);
#60=PLANE('',#1549);
#61=PLANE('',#1551);
#62=PLANE('',#1553);
#63=PLANE('',#1555);
#64=PLANE('',#1557);
#65=PLANE('',#1559);
#66=PLANE('',#1561);
#67=PLANE('',#1563);
#68=PLANE('',#1565);
#69=PLANE('',#1567);
#70=PLANE('',#1569);
#71=PLANE('',#1571);
#72=PLANE('',#1573);
#73=PLANE('',#1575);
#74=PLANE('',#1577);
#75=PLANE('',#1579);
#76=PLANE('',#1580);
#77=PLANE('',#1581);
#78=PLANE('',#1582);
#79=PLANE('',#1583);
#80=PLANE('',#1584);
#81=PLANE('',#1585);
#82=PLANE('',#1586);
#83=FACE_OUTER_BOUND('',#153,.T.);
#84=FACE_OUTER_BOUND('',#154,.T.);
#85=FACE_OUTER_BOUND('',#155,.T.);
#86=FACE_OUTER_BOUND('',#156,.T.);
#87=FACE_OUTER_BOUND('',#157,.T.);
#88=FACE_OUTER_BOUND('',#158,.T.);
#89=FACE_OUTER_BOUND('',#159,.T.);
#90=FACE_OUTER_BOUND('',#160,.T.);
#91=FACE_OUTER_BOUND('',#161,.T.);
#92=FACE_OUTER_BOUND('',#175,.T.);
#93=FACE_OUTER_BOUND('',#189,.T.);
#94=FACE_OUTER_BOUND('',#190,.T.);
#95=FACE_OUTER_BOUND('',#191,.T.);
#96=FACE_OUTER_BOUND('',#192,.T.);
#97=FACE_OUTER_BOUND('',#193,.T.);
#98=FACE_OUTER_BOUND('',#194,.T.);
#99=FACE_OUTER_BOUND('',#195,.T.);
#100=FACE_OUTER_BOUND('',#196,.T.);
#101=FACE_OUTER_BOUND('',#197,.T.);
#102=FACE_OUTER_BOUND('',#198,.T.);
#103=FACE_OUTER_BOUND('',#199,.T.);
#104=FACE_OUTER_BOUND('',#200,.T.);
#105=FACE_OUTER_BOUND('',#201,.T.);
#106=FACE_OUTER_BOUND('',#202,.T.);
#107=FACE_OUTER_BOUND('',#203,.T.);
#108=FACE_OUTER_BOUND('',#204,.T.);
#109=FACE_OUTER_BOUND('',#205,.T.);
#110=FACE_OUTER_BOUND('',#206,.T.);
#111=FACE_OUTER_BOUND('',#207,.T.);
#112=FACE_OUTER_BOUND('',#208,.T.);
#113=FACE_OUTER_BOUND('',#209,.T.);
#114=FACE_OUTER_BOUND('',#210,.T.);
#115=FACE_OUTER_BOUND('',#211,.T.);
#116=FACE_OUTER_BOUND('',#212,.T.);
#117=FACE_OUTER_BOUND('',#213,.T.);
#118=FACE_OUTER_BOUND('',#214,.T.);
#119=FACE_OUTER_BOUND('',#215,.T.);
#120=FACE_OUTER_BOUND('',#216,.T.);
#121=FACE_OUTER_BOUND('',#217,.T.);
#122=FACE_OUTER_BOUND('',#218,.T.);
#123=FACE_OUTER_BOUND('',#219,.T.);
#124=FACE_OUTER_BOUND('',#220,.T.);
#125=FACE_OUTER_BOUND('',#221,.T.);
#126=FACE_OUTER_BOUND('',#222,.T.);
#127=FACE_OUTER_BOUND('',#223,.T.);
#128=FACE_OUTER_BOUND('',#224,.T.);
#129=FACE_OUTER_BOUND('',#225,.T.);
#130=FACE_OUTER_BOUND('',#226,.T.);
#131=FACE_OUTER_BOUND('',#227,.T.);
#132=FACE_OUTER_BOUND('',#228,.T.);
#133=FACE_OUTER_BOUND('',#229,.T.);
#134=FACE_OUTER_BOUND('',#230,.T.);
#135=FACE_OUTER_BOUND('',#231,.T.);
#136=FACE_OUTER_BOUND('',#232,.T.);
#137=FACE_OUTER_BOUND('',#233,.T.);
#138=FACE_OUTER_BOUND('',#234,.T.);
#139=FACE_OUTER_BOUND('',#235,.T.);
#140=FACE_OUTER_BOUND('',#236,.T.);
#141=FACE_OUTER_BOUND('',#237,.T.);
#142=FACE_OUTER_BOUND('',#238,.T.);
#143=FACE_OUTER_BOUND('',#239,.T.);
#144=FACE_OUTER_BOUND('',#240,.T.);
#145=FACE_OUTER_BOUND('',#241,.T.);
#146=FACE_OUTER_BOUND('',#242,.T.);
#147=FACE_OUTER_BOUND('',#243,.T.);
#148=FACE_OUTER_BOUND('',#244,.T.);
#149=FACE_OUTER_BOUND('',#245,.T.);
#150=FACE_OUTER_BOUND('',#246,.T.);
#151=FACE_OUTER_BOUND('',#247,.T.);
#152=FACE_OUTER_BOUND('',#248,.T.);
#153=EDGE_LOOP('',(#941,#942,#943,#944));
#154=EDGE_LOOP('',(#945,#946,#947,#948));
#155=EDGE_LOOP('',(#949,#950,#951,#952));
#156=EDGE_LOOP('',(#953,#954,#955,#956));
#157=EDGE_LOOP('',(#957,#958,#959,#960));
#158=EDGE_LOOP('',(#961,#962,#963,#964));
#159=EDGE_LOOP('',(#965,#966,#967,#968));
#160=EDGE_LOOP('',(#969,#970,#971,#972));
#161=EDGE_LOOP('',(#973,#974,#975,#976));
#162=EDGE_LOOP('',(#977,#978,#979,#980));
#163=EDGE_LOOP('',(#981,#982,#983,#984,#985,#986,#987,#988));
#164=EDGE_LOOP('',(#989,#990,#991,#992,#993,#994,#995,#996));
#165=EDGE_LOOP('',(#997,#998,#999,#1000,#1001,#1002,#1003,#1004));
#166=EDGE_LOOP('',(#1005,#1006,#1007,#1008,#1009,#1010,#1011,#1012));
#167=EDGE_LOOP('',(#1013,#1014,#1015,#1016,#1017,#1018,#1019,#1020));
#168=EDGE_LOOP('',(#1021,#1022,#1023,#1024,#1025,#1026,#1027,#1028));
#169=EDGE_LOOP('',(#1029,#1030,#1031,#1032));
#170=EDGE_LOOP('',(#1033,#1034,#1035,#1036));
#171=EDGE_LOOP('',(#1037));
#172=EDGE_LOOP('',(#1038));
#173=EDGE_LOOP('',(#1039));
#174=EDGE_LOOP('',(#1040));
#175=EDGE_LOOP('',(#1041,#1042,#1043,#1044));
#176=EDGE_LOOP('',(#1045,#1046,#1047,#1048));
#177=EDGE_LOOP('',(#1049,#1050,#1051,#1052,#1053,#1054,#1055,#1056));
#178=EDGE_LOOP('',(#1057,#1058,#1059,#1060,#1061,#1062,#1063,#1064));
#179=EDGE_LOOP('',(#1065,#1066,#1067,#1068,#1069,#1070,#1071,#1072));
#180=EDGE_LOOP('',(#1073,#1074,#1075,#1076,#1077,#1078,#1079,#1080));
#181=EDGE_LOOP('',(#1081,#1082,#1083,#1084,#1085,#1086,#1087,#1088));
#182=EDGE_LOOP('',(#1089,#1090,#1091,#1092,#1093,#1094,#1095,#1096));
#183=EDGE_LOOP('',(#1097,#1098,#1099,#1100));
#184=EDGE_LOOP('',(#1101,#1102,#1103,#1104));
#185=EDGE_LOOP('',(#1105));
#186=EDGE_LOOP('',(#1106));
#187=EDGE_LOOP('',(#1107));
#188=EDGE_LOOP('',(#1108));
#189=EDGE_LOOP('',(#1109,#1110,#1111,#1112));
#190=EDGE_LOOP('',(#1113,#1114,#1115,#1116));
#191=EDGE_LOOP('',(#1117,#1118,#1119,#1120));
#192=EDGE_LOOP('',(#1121,#1122,#1123,#1124));
#193=EDGE_LOOP('',(#1125,#1126,#1127,#1128));
#194=EDGE_LOOP('',(#1129,#1130,#1131,#1132));
#195=EDGE_LOOP('',(#1133,#1134,#1135,#1136));
#196=EDGE_LOOP('',(#1137,#1138,#1139,#1140));
#197=EDGE_LOOP('',(#1141,#1142,#1143,#1144));
#198=EDGE_LOOP('',(#1145,#1146,#1147,#1148));
#199=EDGE_LOOP('',(#1149,#1150,#1151,#1152));
#200=EDGE_LOOP('',(#1153,#1154,#1155,#1156));
#201=EDGE_LOOP('',(#1157,#1158,#1159,#1160));
#202=EDGE_LOOP('',(#1161,#1162,#1163,#1164));
#203=EDGE_LOOP('',(#1165,#1166,#1167,#1168));
#204=EDGE_LOOP('',(#1169,#1170,#1171,#1172));
#205=EDGE_LOOP('',(#1173,#1174,#1175,#1176));
#206=EDGE_LOOP('',(#1177,#1178,#1179,#1180));
#207=EDGE_LOOP('',(#1181,#1182,#1183,#1184));
#208=EDGE_LOOP('',(#1185,#1186,#1187,#1188));
#209=EDGE_LOOP('',(#1189,#1190,#1191,#1192));
#210=EDGE_LOOP('',(#1193,#1194,#1195,#1196));
#211=EDGE_LOOP('',(#1197,#1198,#1199,#1200));
#212=EDGE_LOOP('',(#1201,#1202,#1203,#1204));
#213=EDGE_LOOP('',(#1205,#1206,#1207,#1208));
#214=EDGE_LOOP('',(#1209,#1210,#1211,#1212));
#215=EDGE_LOOP('',(#1213,#1214,#1215,#1216));
#216=EDGE_LOOP('',(#1217,#1218,#1219,#1220));
#217=EDGE_LOOP('',(#1221,#1222,#1223,#1224));
#218=EDGE_LOOP('',(#1225,#1226,#1227,#1228));
#219=EDGE_LOOP('',(#1229,#1230,#1231,#1232));
#220=EDGE_LOOP('',(#1233,#1234,#1235,#1236));
#221=EDGE_LOOP('',(#1237,#1238,#1239,#1240));
#222=EDGE_LOOP('',(#1241,#1242,#1243,#1244));
#223=EDGE_LOOP('',(#1245,#1246,#1247,#1248));
#224=EDGE_LOOP('',(#1249,#1250,#1251,#1252));
#225=EDGE_LOOP('',(#1253,#1254,#1255,#1256));
#226=EDGE_LOOP('',(#1257,#1258,#1259,#1260));
#227=EDGE_LOOP('',(#1261,#1262,#1263,#1264));
#228=EDGE_LOOP('',(#1265,#1266,#1267,#1268));
#229=EDGE_LOOP('',(#1269,#1270,#1271,#1272));
#230=EDGE_LOOP('',(#1273,#1274,#1275,#1276));
#231=EDGE_LOOP('',(#1277,#1278,#1279,#1280));
#232=EDGE_LOOP('',(#1281,#1282,#1283,#1284));
#233=EDGE_LOOP('',(#1285,#1286,#1287,#1288));
#234=EDGE_LOOP('',(#1289,#1290,#1291,#1292));
#235=EDGE_LOOP('',(#1293,#1294,#1295,#1296));
#236=EDGE_LOOP('',(#1297,#1298,#1299,#1300));
#237=EDGE_LOOP('',(#1301,#1302,#1303,#1304));
#238=EDGE_LOOP('',(#1305,#1306,#1307,#1308));
#239=EDGE_LOOP('',(#1309,#1310,#1311,#1312));
#240=EDGE_LOOP('',(#1313,#1314,#1315,#1316));
#241=EDGE_LOOP('',(#1317,#1318,#1319,#1320));
#242=EDGE_LOOP('',(#1321,#1322,#1323,#1324));
#243=EDGE_LOOP('',(#1325,#1326,#1327,#1328));
#244=EDGE_LOOP('',(#1329,#1330,#1331,#1332));
#245=EDGE_LOOP('',(#1333,#1334,#1335,#1336));
#246=EDGE_LOOP('',(#1337,#1338,#1339,#1340));
#247=EDGE_LOOP('',(#1341,#1342,#1343,#1344));
#248=EDGE_LOOP('',(#1345,#1346,#1347,#1348));
#249=LINE('',#1994,#397);
#250=LINE('',#2000,#398);
#251=LINE('',#2006,#399);
#252=LINE('',#2012,#400);
#253=LINE('',#2017,#401);
#254=LINE('',#2019,#402);
#255=LINE('',#2021,#403);
#256=LINE('',#2022,#404);
#257=LINE('',#2025,#405);
#258=LINE('',#2027,#406);
#259=LINE('',#2028,#407);
#260=LINE('',#2031,#408);
#261=LINE('',#2033,#409);
#262=LINE('',#2034,#410);
#263=LINE('',#2036,#411);
#264=LINE('',#2037,#412);
#265=LINE('',#2041,#413);
#266=LINE('',#2043,#414);
#267=LINE('',#2045,#415);
#268=LINE('',#2046,#416);
#269=LINE('',#2051,#417);
#270=LINE('',#2055,#418);
#271=LINE('',#2059,#419);
#272=LINE('',#2062,#420);
#273=LINE('',#2067,#421);
#274=LINE('',#2071,#422);
#275=LINE('',#2075,#423);
#276=LINE('',#2078,#424);
#277=LINE('',#2083,#425);
#278=LINE('',#2087,#426);
#279=LINE('',#2091,#427);
#280=LINE('',#2094,#428);
#281=LINE('',#2099,#429);
#282=LINE('',#2103,#430);
#283=LINE('',#2107,#431);
#284=LINE('',#2110,#432);
#285=LINE('',#2115,#433);
#286=LINE('',#2119,#434);
#287=LINE('',#2123,#435);
#288=LINE('',#2126,#436);
#289=LINE('',#2131,#437);
#290=LINE('',#2135,#438);
#291=LINE('',#2139,#439);
#292=LINE('',#2142,#440);
#293=LINE('',#2145,#441);
#294=LINE('',#2147,#442);
#295=LINE('',#2149,#443);
#296=LINE('',#2150,#444);
#297=LINE('',#2153,#445);
#298=LINE('',#2155,#446);
#299=LINE('',#2157,#447);
#300=LINE('',#2158,#448);
#301=LINE('',#2162,#449);
#302=LINE('',#2164,#450);
#303=LINE('',#2166,#451);
#304=LINE('',#2167,#452);
#305=LINE('',#2172,#453);
#306=LINE('',#2176,#454);
#307=LINE('',#2180,#455);
#308=LINE('',#2183,#456);
#309=LINE('',#2188,#457);
#310=LINE('',#2192,#458);
#311=LINE('',#2196,#459);
#312=LINE('',#2199,#460);
#313=LINE('',#2204,#461);
#314=LINE('',#2208,#462);
#315=LINE('',#2212,#463);
#316=LINE('',#2215,#464);
#317=LINE('',#2220,#465);
#318=LINE('',#2224,#466);
#319=LINE('',#2228,#467);
#320=LINE('',#2231,#468);
#321=LINE('',#2236,#469);
#322=LINE('',#2240,#470);
#323=LINE('',#2244,#471);
#324=LINE('',#2247,#472);
#325=LINE('',#2252,#473);
#326=LINE('',#2256,#474);
#327=LINE('',#2260,#475);
#328=LINE('',#2263,#476);
#329=LINE('',#2266,#477);
#330=LINE('',#2268,#478);
#331=LINE('',#2270,#479);
#332=LINE('',#2271,#480);
#333=LINE('',#2274,#481);
#334=LINE('',#2276,#482);
#335=LINE('',#2278,#483);
#336=LINE('',#2279,#484);
#337=LINE('',#2281,#485);
#338=LINE('',#2282,#486);
#339=LINE('',#2284,#487);
#340=LINE('',#2286,#488);
#341=LINE('',#2289,#489);
#342=LINE('',#2290,#490);
#343=LINE('',#2292,#491);
#344=LINE('',#2294,#492);
#345=LINE('',#2296,#493);
#346=LINE('',#2298,#494);
#347=LINE('',#2300,#495);
#348=LINE('',#2302,#496);
#349=LINE('',#2305,#497);
#350=LINE('',#2306,#498);
#351=LINE('',#2308,#499);
#352=LINE('',#2310,#500);
#353=LINE('',#2312,#501);
#354=LINE('',#2314,#502);
#355=LINE('',#2316,#503);
#356=LINE('',#2318,#504);
#357=LINE('',#2321,#505);
#358=LINE('',#2322,#506);
#359=LINE('',#2324,#507);
#360=LINE('',#2326,#508);
#361=LINE('',#2328,#509);
#362=LINE('',#2330,#510);
#363=LINE('',#2332,#511);
#364=LINE('',#2334,#512);
#365=LINE('',#2337,#513);
#366=LINE('',#2338,#514);
#367=LINE('',#2340,#515);
#368=LINE('',#2342,#516);
#369=LINE('',#2344,#517);
#370=LINE('',#2346,#518);
#371=LINE('',#2348,#519);
#372=LINE('',#2350,#520);
#373=LINE('',#2353,#521);
#374=LINE('',#2354,#522);
#375=LINE('',#2356,#523);
#376=LINE('',#2358,#524);
#377=LINE('',#2360,#525);
#378=LINE('',#2362,#526);
#379=LINE('',#2364,#527);
#380=LINE('',#2366,#528);
#381=LINE('',#2369,#529);
#382=LINE('',#2370,#530);
#383=LINE('',#2372,#531);
#384=LINE('',#2374,#532);
#385=LINE('',#2376,#533);
#386=LINE('',#2378,#534);
#387=LINE('',#2380,#535);
#388=LINE('',#2382,#536);
#389=LINE('',#2385,#537);
#390=LINE('',#2386,#538);
#391=LINE('',#2388,#539);
#392=LINE('',#2390,#540);
#393=LINE('',#2393,#541);
#394=LINE('',#2394,#542);
#395=LINE('',#2396,#543);
#396=LINE('',#2398,#544);
#397=VECTOR('',#1593,0.00145);
#398=VECTOR('',#1600,0.00145);
#399=VECTOR('',#1607,0.00145);
#400=VECTOR('',#1614,0.00145);
#401=VECTOR('',#1619,0.01);
#402=VECTOR('',#1620,0.01);
#403=VECTOR('',#1621,0.01);
#404=VECTOR('',#1622,0.01);
#405=VECTOR('',#1625,0.01);
#406=VECTOR('',#1626,0.01);
#407=VECTOR('',#1627,0.01);
#408=VECTOR('',#1630,0.01);
#409=VECTOR('',#1631,0.01);
#410=VECTOR('',#1632,0.01);
#411=VECTOR('',#1635,0.01);
#412=VECTOR('',#1636,0.01);
#413=VECTOR('',#1639,1.);
#414=VECTOR('',#1640,1.);
#415=VECTOR('',#1641,1.);
#416=VECTOR('',#1642,1.);
#417=VECTOR('',#1645,1.);
#418=VECTOR('',#1648,1.);
#419=VECTOR('',#1651,1.);
#420=VECTOR('',#1654,1.);
#421=VECTOR('',#1657,1.);
#422=VECTOR('',#1660,1.);
#423=VECTOR('',#1663,1.);
#424=VECTOR('',#1666,1.);
#425=VECTOR('',#1669,1.);
#426=VECTOR('',#1672,1.);
#427=VECTOR('',#1675,1.);
#428=VECTOR('',#1678,1.);
#429=VECTOR('',#1681,1.);
#430=VECTOR('',#1684,1.);
#431=VECTOR('',#1687,1.);
#432=VECTOR('',#1690,1.);
#433=VECTOR('',#1693,1.);
#434=VECTOR('',#1696,1.);
#435=VECTOR('',#1699,1.);
#436=VECTOR('',#1702,1.);
#437=VECTOR('',#1705,1.);
#438=VECTOR('',#1708,1.);
#439=VECTOR('',#1711,1.);
#440=VECTOR('',#1714,1.);
#441=VECTOR('',#1715,1.);
#442=VECTOR('',#1716,1.);
#443=VECTOR('',#1717,1.);
#444=VECTOR('',#1718,1.);
#445=VECTOR('',#1719,1.);
#446=VECTOR('',#1720,1.);
#447=VECTOR('',#1721,1.);
#448=VECTOR('',#1722,1.);
#449=VECTOR('',#1725,1.);
#450=VECTOR('',#1726,1.);
#451=VECTOR('',#1727,1.);
#452=VECTOR('',#1728,1.);
#453=VECTOR('',#1731,1.);
#454=VECTOR('',#1734,1.);
#455=VECTOR('',#1737,1.);
#456=VECTOR('',#1740,1.);
#457=VECTOR('',#1743,1.);
#458=VECTOR('',#1746,1.);
#459=VECTOR('',#1749,1.);
#460=VECTOR('',#1752,1.);
#461=VECTOR('',#1755,1.);
#462=VECTOR('',#1758,1.);
#463=VECTOR('',#1761,1.);
#464=VECTOR('',#1764,1.);
#465=VECTOR('',#1767,1.);
#466=VECTOR('',#1770,1.);
#467=VECTOR('',#1773,1.);
#468=VECTOR('',#1776,1.);
#469=VECTOR('',#1779,1.);
#470=VECTOR('',#1782,1.);
#471=VECTOR('',#1785,1.);
#472=VECTOR('',#1788,1.);
#473=VECTOR('',#1791,1.);
#474=VECTOR('',#1794,1.);
#475=VECTOR('',#1797,1.);
#476=VECTOR('',#1800,1.);
#477=VECTOR('',#1801,1.);
#478=VECTOR('',#1802,1.);
#479=VECTOR('',#1803,1.);
#480=VECTOR('',#1804,1.);
#481=VECTOR('',#1805,1.);
#482=VECTOR('',#1806,1.);
#483=VECTOR('',#1807,1.);
#484=VECTOR('',#1808,1.);
#485=VECTOR('',#1811,1.);
#486=VECTOR('',#1812,1.);
#487=VECTOR('',#1815,1.);
#488=VECTOR('',#1818,1.);
#489=VECTOR('',#1823,1.);
#490=VECTOR('',#1824,1.);
#491=VECTOR('',#1827,1.);
#492=VECTOR('',#1830,1.);
#493=VECTOR('',#1833,1.);
#494=VECTOR('',#1836,1.);
#495=VECTOR('',#1839,1.);
#496=VECTOR('',#1842,1.);
#497=VECTOR('',#1847,1.);
#498=VECTOR('',#1848,1.);
#499=VECTOR('',#1851,1.);
#500=VECTOR('',#1854,1.);
#501=VECTOR('',#1857,1.);
#502=VECTOR('',#1860,1.);
#503=VECTOR('',#1863,1.);
#504=VECTOR('',#1866,1.);
#505=VECTOR('',#1871,1.);
#506=VECTOR('',#1872,1.);
#507=VECTOR('',#1875,1.);
#508=VECTOR('',#1878,1.);
#509=VECTOR('',#1881,1.);
#510=VECTOR('',#1884,1.);
#511=VECTOR('',#1887,1.);
#512=VECTOR('',#1890,1.);
#513=VECTOR('',#1895,1.);
#514=VECTOR('',#1896,1.);
#515=VECTOR('',#1899,1.);
#516=VECTOR('',#1902,1.);
#517=VECTOR('',#1905,1.);
#518=VECTOR('',#1908,1.);
#519=VECTOR('',#1911,1.);
#520=VECTOR('',#1914,1.);
#521=VECTOR('',#1919,1.);
#522=VECTOR('',#1920,1.);
#523=VECTOR('',#1923,1.);
#524=VECTOR('',#1926,1.);
#525=VECTOR('',#1929,1.);
#526=VECTOR('',#1932,1.);
#527=VECTOR('',#1935,1.);
#528=VECTOR('',#1938,1.);
#529=VECTOR('',#1943,1.);
#530=VECTOR('',#1944,1.);
#531=VECTOR('',#1947,1.);
#532=VECTOR('',#1950,1.);
#533=VECTOR('',#1953,1.);
#534=VECTOR('',#1956,1.);
#535=VECTOR('',#1959,1.);
#536=VECTOR('',#1962,1.);
#537=VECTOR('',#1967,1.);
#538=VECTOR('',#1968,1.);
#539=VECTOR('',#1971,1.);
#540=VECTOR('',#1974,1.);
#541=VECTOR('',#1979,1.);
#542=VECTOR('',#1980,1.);
#543=VECTOR('',#1983,1.);
#544=VECTOR('',#1986,1.);
#545=CIRCLE('',#1462,0.00145);
#546=CIRCLE('',#1463,0.00145);
#547=CIRCLE('',#1465,0.00145);
#548=CIRCLE('',#1466,0.00145);
#549=CIRCLE('',#1468,0.00145);
#550=CIRCLE('',#1469,0.00145);
#551=CIRCLE('',#1471,0.00145);
#552=CIRCLE('',#1472,0.00145);
#553=CIRCLE('',#1478,0.000499999999999972);
#554=CIRCLE('',#1479,0.0005);
#555=CIRCLE('',#1480,0.000500000000000007);
#556=CIRCLE('',#1481,0.0005);
#557=CIRCLE('',#1482,0.000499999999999972);
#558=CIRCLE('',#1483,0.0005);
#559=CIRCLE('',#1484,0.000500000000000007);
#560=CIRCLE('',#1485,0.000500000000000007);
#561=CIRCLE('',#1486,0.000500000000000007);
#562=CIRCLE('',#1487,0.0005);
#563=CIRCLE('',#1488,0.000499999999999989);
#564=CIRCLE('',#1489,0.000499999999999989);
#565=CIRCLE('',#1490,0.000500000000000007);
#566=CIRCLE('',#1491,0.000500000000000007);
#567=CIRCLE('',#1492,0.000499999999999989);
#568=CIRCLE('',#1493,0.0005);
#569=CIRCLE('',#1494,0.000499999999999972);
#570=CIRCLE('',#1495,0.0005);
#571=CIRCLE('',#1496,0.000500000000000007);
#572=CIRCLE('',#1497,0.000499999999999989);
#573=CIRCLE('',#1498,0.000500000000000007);
#574=CIRCLE('',#1499,0.0005);
#575=CIRCLE('',#1500,0.000499999999999989);
#576=CIRCLE('',#1501,0.0005);
#577=CIRCLE('',#1503,0.000499999999999972);
#578=CIRCLE('',#1504,0.0005);
#579=CIRCLE('',#1505,0.000500000000000007);
#580=CIRCLE('',#1506,0.0005);
#581=CIRCLE('',#1507,0.000499999999999972);
#582=CIRCLE('',#1508,0.000500000000000007);
#583=CIRCLE('',#1509,0.000500000000000007);
#584=CIRCLE('',#1510,0.0005);
#585=CIRCLE('',#1511,0.000500000000000007);
#586=CIRCLE('',#1512,0.000499999999999989);
#587=CIRCLE('',#1513,0.000499999999999989);
#588=CIRCLE('',#1514,0.0005);
#589=CIRCLE('',#1515,0.000500000000000007);
#590=CIRCLE('',#1516,0.0005);
#591=CIRCLE('',#1517,0.000499999999999989);
#592=CIRCLE('',#1518,0.000500000000000007);
#593=CIRCLE('',#1519,0.000499999999999972);
#594=CIRCLE('',#1520,0.000499999999999989);
#595=CIRCLE('',#1521,0.000500000000000007);
#596=CIRCLE('',#1522,0.0005);
#597=CIRCLE('',#1523,0.000500000000000007);
#598=CIRCLE('',#1524,0.0005);
#599=CIRCLE('',#1525,0.000499999999999989);
#600=CIRCLE('',#1526,0.0005);
#601=VERTEX_POINT('',#1991);
#602=VERTEX_POINT('',#1993);
#603=VERTEX_POINT('',#1997);
#604=VERTEX_POINT('',#1999);
#605=VERTEX_POINT('',#2003);
#606=VERTEX_POINT('',#2005);
#607=VERTEX_POINT('',#2009);
#608=VERTEX_POINT('',#2011);
#609=VERTEX_POINT('',#2015);
#610=VERTEX_POINT('',#2016);
#611=VERTEX_POINT('',#2018);
#612=VERTEX_POINT('',#2020);
#613=VERTEX_POINT('',#2024);
#614=VERTEX_POINT('',#2026);
#615=VERTEX_POINT('',#2030);
#616=VERTEX_POINT('',#2032);
#617=VERTEX_POINT('',#2039);
#618=VERTEX_POINT('',#2040);
#619=VERTEX_POINT('',#2042);
#620=VERTEX_POINT('',#2044);
#621=VERTEX_POINT('',#2047);
#622=VERTEX_POINT('',#2048);
#623=VERTEX_POINT('',#2050);
#624=VERTEX_POINT('',#2052);
#625=VERTEX_POINT('',#2054);
#626=VERTEX_POINT('',#2056);
#627=VERTEX_POINT('',#2058);
#628=VERTEX_POINT('',#2060);
#629=VERTEX_POINT('',#2063);
#630=VERTEX_POINT('',#2064);
#631=VERTEX_POINT('',#2066);
#632=VERTEX_POINT('',#2068);
#633=VERTEX_POINT('',#2070);
#634=VERTEX_POINT('',#2072);
#635=VERTEX_POINT('',#2074);
#636=VERTEX_POINT('',#2076);
#637=VERTEX_POINT('',#2079);
#638=VERTEX_POINT('',#2080);
#639=VERTEX_POINT('',#2082);
#640=VERTEX_POINT('',#2084);
#641=VERTEX_POINT('',#2086);
#642=VERTEX_POINT('',#2088);
#643=VERTEX_POINT('',#2090);
#644=VERTEX_POINT('',#2092);
#645=VERTEX_POINT('',#2095);
#646=VERTEX_POINT('',#2096);
#647=VERTEX_POINT('',#2098);
#648=VERTEX_POINT('',#2100);
#649=VERTEX_POINT('',#2102);
#650=VERTEX_POINT('',#2104);
#651=VERTEX_POINT('',#2106);
#652=VERTEX_POINT('',#2108);
#653=VERTEX_POINT('',#2111);
#654=VERTEX_POINT('',#2112);
#655=VERTEX_POINT('',#2114);
#656=VERTEX_POINT('',#2116);
#657=VERTEX_POINT('',#2118);
#658=VERTEX_POINT('',#2120);
#659=VERTEX_POINT('',#2122);
#660=VERTEX_POINT('',#2124);
#661=VERTEX_POINT('',#2127);
#662=VERTEX_POINT('',#2128);
#663=VERTEX_POINT('',#2130);
#664=VERTEX_POINT('',#2132);
#665=VERTEX_POINT('',#2134);
#666=VERTEX_POINT('',#2136);
#667=VERTEX_POINT('',#2138);
#668=VERTEX_POINT('',#2140);
#669=VERTEX_POINT('',#2143);
#670=VERTEX_POINT('',#2144);
#671=VERTEX_POINT('',#2146);
#672=VERTEX_POINT('',#2148);
#673=VERTEX_POINT('',#2151);
#674=VERTEX_POINT('',#2152);
#675=VERTEX_POINT('',#2154);
#676=VERTEX_POINT('',#2156);
#677=VERTEX_POINT('',#2160);
#678=VERTEX_POINT('',#2161);
#679=VERTEX_POINT('',#2163);
#680=VERTEX_POINT('',#2165);
#681=VERTEX_POINT('',#2168);
#682=VERTEX_POINT('',#2169);
#683=VERTEX_POINT('',#2171);
#684=VERTEX_POINT('',#2173);
#685=VERTEX_POINT('',#2175);
#686=VERTEX_POINT('',#2177);
#687=VERTEX_POINT('',#2179);
#688=VERTEX_POINT('',#2181);
#689=VERTEX_POINT('',#2184);
#690=VERTEX_POINT('',#2185);
#691=VERTEX_POINT('',#2187);
#692=VERTEX_POINT('',#2189);
#693=VERTEX_POINT('',#2191);
#694=VERTEX_POINT('',#2193);
#695=VERTEX_POINT('',#2195);
#696=VERTEX_POINT('',#2197);
#697=VERTEX_POINT('',#2200);
#698=VERTEX_POINT('',#2201);
#699=VERTEX_POINT('',#2203);
#700=VERTEX_POINT('',#2205);
#701=VERTEX_POINT('',#2207);
#702=VERTEX_POINT('',#2209);
#703=VERTEX_POINT('',#2211);
#704=VERTEX_POINT('',#2213);
#705=VERTEX_POINT('',#2216);
#706=VERTEX_POINT('',#2217);
#707=VERTEX_POINT('',#2219);
#708=VERTEX_POINT('',#2221);
#709=VERTEX_POINT('',#2223);
#710=VERTEX_POINT('',#2225);
#711=VERTEX_POINT('',#2227);
#712=VERTEX_POINT('',#2229);
#713=VERTEX_POINT('',#2232);
#714=VERTEX_POINT('',#2233);
#715=VERTEX_POINT('',#2235);
#716=VERTEX_POINT('',#2237);
#717=VERTEX_POINT('',#2239);
#718=VERTEX_POINT('',#2241);
#719=VERTEX_POINT('',#2243);
#720=VERTEX_POINT('',#2245);
#721=VERTEX_POINT('',#2248);
#722=VERTEX_POINT('',#2249);
#723=VERTEX_POINT('',#2251);
#724=VERTEX_POINT('',#2253);
#725=VERTEX_POINT('',#2255);
#726=VERTEX_POINT('',#2257);
#727=VERTEX_POINT('',#2259);
#728=VERTEX_POINT('',#2261);
#729=VERTEX_POINT('',#2264);
#730=VERTEX_POINT('',#2265);
#731=VERTEX_POINT('',#2267);
#732=VERTEX_POINT('',#2269);
#733=VERTEX_POINT('',#2272);
#734=VERTEX_POINT('',#2273);
#735=VERTEX_POINT('',#2275);
#736=VERTEX_POINT('',#2277);
#737=EDGE_CURVE('',#601,#601,#545,.T.);
#738=EDGE_CURVE('',#601,#602,#249,.T.);
#739=EDGE_CURVE('',#602,#602,#546,.T.);
#740=EDGE_CURVE('',#603,#603,#547,.T.);
#741=EDGE_CURVE('',#603,#604,#250,.T.);
#742=EDGE_CURVE('',#604,#604,#548,.T.);
#743=EDGE_CURVE('',#605,#605,#549,.T.);
#744=EDGE_CURVE('',#605,#606,#251,.T.);
#745=EDGE_CURVE('',#606,#606,#550,.T.);
#746=EDGE_CURVE('',#607,#607,#551,.T.);
#747=EDGE_CURVE('',#607,#608,#252,.T.);
#748=EDGE_CURVE('',#608,#608,#552,.T.);
#749=EDGE_CURVE('',#609,#610,#253,.T.);
#750=EDGE_CURVE('',#609,#611,#254,.T.);
#751=EDGE_CURVE('',#612,#611,#255,.T.);
#752=EDGE_CURVE('',#610,#612,#256,.T.);
#753=EDGE_CURVE('',#613,#609,#257,.T.);
#754=EDGE_CURVE('',#613,#614,#258,.T.);
#755=EDGE_CURVE('',#611,#614,#259,.T.);
#756=EDGE_CURVE('',#615,#613,#260,.T.);
#757=EDGE_CURVE('',#615,#616,#261,.T.);
#758=EDGE_CURVE('',#614,#616,#262,.T.);
#759=EDGE_CURVE('',#610,#615,#263,.T.);
#760=EDGE_CURVE('',#616,#612,#264,.T.);
#761=EDGE_CURVE('',#617,#618,#265,.F.);
#762=EDGE_CURVE('',#618,#619,#266,.T.);
#763=EDGE_CURVE('',#619,#620,#267,.T.);
#764=EDGE_CURVE('',#617,#620,#268,.T.);
#765=EDGE_CURVE('',#621,#622,#553,.F.);
#766=EDGE_CURVE('',#622,#623,#269,.T.);
#767=EDGE_CURVE('',#623,#624,#554,.F.);
#768=EDGE_CURVE('',#624,#625,#270,.F.);
#769=EDGE_CURVE('',#625,#626,#555,.F.);
#770=EDGE_CURVE('',#626,#627,#271,.F.);
#771=EDGE_CURVE('',#627,#628,#556,.F.);
#772=EDGE_CURVE('',#628,#621,#272,.T.);
#773=EDGE_CURVE('',#629,#630,#557,.F.);
#774=EDGE_CURVE('',#630,#631,#273,.T.);
#775=EDGE_CURVE('',#631,#632,#558,.F.);
#776=EDGE_CURVE('',#632,#633,#274,.F.);
#777=EDGE_CURVE('',#633,#634,#559,.F.);
#778=EDGE_CURVE('',#634,#635,#275,.F.);
#779=EDGE_CURVE('',#635,#636,#560,.F.);
#780=EDGE_CURVE('',#636,#629,#276,.T.);
#781=EDGE_CURVE('',#637,#638,#561,.F.);
#782=EDGE_CURVE('',#638,#639,#277,.T.);
#783=EDGE_CURVE('',#639,#640,#562,.F.);
#784=EDGE_CURVE('',#640,#641,#278,.F.);
#785=EDGE_CURVE('',#641,#642,#563,.F.);
#786=EDGE_CURVE('',#642,#643,#279,.F.);
#787=EDGE_CURVE('',#643,#644,#564,.F.);
#788=EDGE_CURVE('',#644,#637,#280,.T.);
#789=EDGE_CURVE('',#645,#646,#565,.F.);
#790=EDGE_CURVE('',#646,#647,#281,.T.);
#791=EDGE_CURVE('',#647,#648,#566,.F.);
#792=EDGE_CURVE('',#648,#649,#282,.F.);
#793=EDGE_CURVE('',#649,#650,#567,.F.);
#794=EDGE_CURVE('',#650,#651,#283,.F.);
#795=EDGE_CURVE('',#651,#652,#568,.F.);
#796=EDGE_CURVE('',#652,#645,#284,.T.);
#797=EDGE_CURVE('',#653,#654,#569,.F.);
#798=EDGE_CURVE('',#654,#655,#285,.T.);
#799=EDGE_CURVE('',#655,#656,#570,.F.);
#800=EDGE_CURVE('',#656,#657,#286,.F.);
#801=EDGE_CURVE('',#657,#658,#571,.F.);
#802=EDGE_CURVE('',#658,#659,#287,.F.);
#803=EDGE_CURVE('',#659,#660,#572,.F.);
#804=EDGE_CURVE('',#660,#653,#288,.T.);
#805=EDGE_CURVE('',#661,#662,#573,.F.);
#806=EDGE_CURVE('',#662,#663,#289,.T.);
#807=EDGE_CURVE('',#663,#664,#574,.F.);
#808=EDGE_CURVE('',#664,#665,#290,.F.);
#809=EDGE_CURVE('',#665,#666,#575,.F.);
#810=EDGE_CURVE('',#666,#667,#291,.F.);
#811=EDGE_CURVE('',#667,#668,#576,.F.);
#812=EDGE_CURVE('',#668,#661,#292,.T.);
#813=EDGE_CURVE('',#669,#670,#293,.T.);
#814=EDGE_CURVE('',#669,#671,#294,.T.);
#815=EDGE_CURVE('',#671,#672,#295,.T.);
#816=EDGE_CURVE('',#670,#672,#296,.T.);
#817=EDGE_CURVE('',#673,#674,#297,.T.);
#818=EDGE_CURVE('',#673,#675,#298,.T.);
#819=EDGE_CURVE('',#675,#676,#299,.T.);
#820=EDGE_CURVE('',#674,#676,#300,.T.);
#821=EDGE_CURVE('',#677,#678,#301,.T.);
#822=EDGE_CURVE('',#679,#678,#302,.F.);
#823=EDGE_CURVE('',#679,#680,#303,.F.);
#824=EDGE_CURVE('',#680,#677,#304,.F.);
#825=EDGE_CURVE('',#681,#682,#577,.F.);
#826=EDGE_CURVE('',#683,#681,#305,.T.);
#827=EDGE_CURVE('',#684,#683,#578,.F.);
#828=EDGE_CURVE('',#685,#684,#306,.T.);
#829=EDGE_CURVE('',#686,#685,#579,.F.);
#830=EDGE_CURVE('',#687,#686,#307,.T.);
#831=EDGE_CURVE('',#688,#687,#580,.F.);
#832=EDGE_CURVE('',#682,#688,#308,.T.);
#833=EDGE_CURVE('',#689,#690,#581,.F.);
#834=EDGE_CURVE('',#691,#689,#309,.T.);
#835=EDGE_CURVE('',#692,#691,#582,.F.);
#836=EDGE_CURVE('',#693,#692,#310,.T.);
#837=EDGE_CURVE('',#694,#693,#583,.F.);
#838=EDGE_CURVE('',#695,#694,#311,.T.);
#839=EDGE_CURVE('',#696,#695,#584,.F.);
#840=EDGE_CURVE('',#690,#696,#312,.T.);
#841=EDGE_CURVE('',#697,#698,#585,.F.);
#842=EDGE_CURVE('',#699,#697,#313,.T.);
#843=EDGE_CURVE('',#700,#699,#586,.F.);
#844=EDGE_CURVE('',#701,#700,#314,.T.);
#845=EDGE_CURVE('',#702,#701,#587,.F.);
#846=EDGE_CURVE('',#703,#702,#315,.T.);
#847=EDGE_CURVE('',#704,#703,#588,.F.);
#848=EDGE_CURVE('',#698,#704,#316,.T.);
#849=EDGE_CURVE('',#705,#706,#589,.F.);
#850=EDGE_CURVE('',#707,#705,#317,.T.);
#851=EDGE_CURVE('',#708,#707,#590,.F.);
#852=EDGE_CURVE('',#709,#708,#318,.T.);
#853=EDGE_CURVE('',#710,#709,#591,.F.);
#854=EDGE_CURVE('',#711,#710,#319,.T.);
#855=EDGE_CURVE('',#712,#711,#592,.F.);
#856=EDGE_CURVE('',#706,#712,#320,.T.);
#857=EDGE_CURVE('',#713,#714,#593,.F.);
#858=EDGE_CURVE('',#715,#713,#321,.T.);
#859=EDGE_CURVE('',#716,#715,#594,.F.);
#860=EDGE_CURVE('',#717,#716,#322,.T.);
#861=EDGE_CURVE('',#718,#717,#595,.F.);
#862=EDGE_CURVE('',#719,#718,#323,.T.);
#863=EDGE_CURVE('',#720,#719,#596,.F.);
#864=EDGE_CURVE('',#714,#720,#324,.T.);
#865=EDGE_CURVE('',#721,#722,#597,.F.);
#866=EDGE_CURVE('',#723,#721,#325,.T.);
#867=EDGE_CURVE('',#724,#723,#598,.F.);
#868=EDGE_CURVE('',#725,#724,#326,.T.);
#869=EDGE_CURVE('',#726,#725,#599,.F.);
#870=EDGE_CURVE('',#727,#726,#327,.T.);
#871=EDGE_CURVE('',#728,#727,#600,.F.);
#872=EDGE_CURVE('',#722,#728,#328,.T.);
#873=EDGE_CURVE('',#729,#730,#329,.T.);
#874=EDGE_CURVE('',#729,#731,#330,.T.);
#875=EDGE_CURVE('',#731,#732,#331,.T.);
#876=EDGE_CURVE('',#730,#732,#332,.T.);
#877=EDGE_CURVE('',#733,#734,#333,.T.);
#878=EDGE_CURVE('',#733,#735,#334,.T.);
#879=EDGE_CURVE('',#735,#736,#335,.T.);
#880=EDGE_CURVE('',#734,#736,#336,.T.);
#881=EDGE_CURVE('',#678,#617,#337,.T.);
#882=EDGE_CURVE('',#620,#679,#338,.F.);
#883=EDGE_CURVE('',#618,#677,#339,.F.);
#884=EDGE_CURVE('',#619,#680,#340,.T.);
#885=EDGE_CURVE('',#721,#661,#341,.T.);
#886=EDGE_CURVE('',#723,#668,#342,.T.);
#887=EDGE_CURVE('',#724,#667,#343,.T.);
#888=EDGE_CURVE('',#725,#666,#344,.T.);
#889=EDGE_CURVE('',#726,#665,#345,.T.);
#890=EDGE_CURVE('',#727,#664,#346,.T.);
#891=EDGE_CURVE('',#728,#663,#347,.T.);
#892=EDGE_CURVE('',#722,#662,#348,.T.);
#893=EDGE_CURVE('',#713,#653,#349,.T.);
#894=EDGE_CURVE('',#715,#660,#350,.T.);
#895=EDGE_CURVE('',#716,#659,#351,.T.);
#896=EDGE_CURVE('',#717,#658,#352,.T.);
#897=EDGE_CURVE('',#718,#657,#353,.T.);
#898=EDGE_CURVE('',#719,#656,#354,.T.);
#899=EDGE_CURVE('',#720,#655,#355,.T.);
#900=EDGE_CURVE('',#714,#654,#356,.T.);
#901=EDGE_CURVE('',#705,#645,#357,.T.);
#902=EDGE_CURVE('',#707,#652,#358,.T.);
#903=EDGE_CURVE('',#708,#651,#359,.T.);
#904=EDGE_CURVE('',#709,#650,#360,.T.);
#905=EDGE_CURVE('',#710,#649,#361,.T.);
#906=EDGE_CURVE('',#711,#648,#362,.T.);
#907=EDGE_CURVE('',#712,#647,#363,.T.);
#908=EDGE_CURVE('',#706,#646,#364,.T.);
#909=EDGE_CURVE('',#697,#637,#365,.T.);
#910=EDGE_CURVE('',#699,#644,#366,.T.);
#911=EDGE_CURVE('',#700,#643,#367,.T.);
#912=EDGE_CURVE('',#701,#642,#368,.T.);
#913=EDGE_CURVE('',#702,#641,#369,.T.);
#914=EDGE_CURVE('',#703,#640,#370,.T.);
#915=EDGE_CURVE('',#704,#639,#371,.T.);
#916=EDGE_CURVE('',#698,#638,#372,.T.);
#917=EDGE_CURVE('',#689,#629,#373,.T.);
#918=EDGE_CURVE('',#691,#636,#374,.T.);
#919=EDGE_CURVE('',#692,#635,#375,.T.);
#920=EDGE_CURVE('',#693,#634,#376,.T.);
#921=EDGE_CURVE('',#694,#633,#377,.T.);
#922=EDGE_CURVE('',#695,#632,#378,.T.);
#923=EDGE_CURVE('',#696,#631,#379,.T.);
#924=EDGE_CURVE('',#690,#630,#380,.T.);
#925=EDGE_CURVE('',#681,#621,#381,.T.);
#926=EDGE_CURVE('',#683,#628,#382,.T.);
#927=EDGE_CURVE('',#684,#627,#383,.T.);
#928=EDGE_CURVE('',#685,#626,#384,.T.);
#929=EDGE_CURVE('',#686,#625,#385,.T.);
#930=EDGE_CURVE('',#687,#624,#386,.T.);
#931=EDGE_CURVE('',#688,#623,#387,.T.);
#932=EDGE_CURVE('',#682,#622,#388,.T.);
#933=EDGE_CURVE('',#734,#671,#389,.T.);
#934=EDGE_CURVE('',#733,#669,#390,.T.);
#935=EDGE_CURVE('',#735,#670,#391,.T.);
#936=EDGE_CURVE('',#736,#672,#392,.T.);
#937=EDGE_CURVE('',#730,#675,#393,.T.);
#938=EDGE_CURVE('',#729,#673,#394,.T.);
#939=EDGE_CURVE('',#731,#674,#395,.T.);
#940=EDGE_CURVE('',#732,#676,#396,.T.);
#941=ORIENTED_EDGE('',*,*,#737,.F.);
#942=ORIENTED_EDGE('',*,*,#738,.T.);
#943=ORIENTED_EDGE('',*,*,#739,.F.);
#944=ORIENTED_EDGE('',*,*,#738,.F.);
#945=ORIENTED_EDGE('',*,*,#740,.F.);
#946=ORIENTED_EDGE('',*,*,#741,.T.);
#947=ORIENTED_EDGE('',*,*,#742,.F.);
#948=ORIENTED_EDGE('',*,*,#741,.F.);
#949=ORIENTED_EDGE('',*,*,#743,.F.);
#950=ORIENTED_EDGE('',*,*,#744,.T.);
#951=ORIENTED_EDGE('',*,*,#745,.F.);
#952=ORIENTED_EDGE('',*,*,#744,.F.);
#953=ORIENTED_EDGE('',*,*,#746,.F.);
#954=ORIENTED_EDGE('',*,*,#747,.T.);
#955=ORIENTED_EDGE('',*,*,#748,.F.);
#956=ORIENTED_EDGE('',*,*,#747,.F.);
#957=ORIENTED_EDGE('',*,*,#749,.F.);
#958=ORIENTED_EDGE('',*,*,#750,.T.);
#959=ORIENTED_EDGE('',*,*,#751,.F.);
#960=ORIENTED_EDGE('',*,*,#752,.F.);
#961=ORIENTED_EDGE('',*,*,#753,.F.);
#962=ORIENTED_EDGE('',*,*,#754,.T.);
#963=ORIENTED_EDGE('',*,*,#755,.F.);
#964=ORIENTED_EDGE('',*,*,#750,.F.);
#965=ORIENTED_EDGE('',*,*,#756,.F.);
#966=ORIENTED_EDGE('',*,*,#757,.T.);
#967=ORIENTED_EDGE('',*,*,#758,.F.);
#968=ORIENTED_EDGE('',*,*,#754,.F.);
#969=ORIENTED_EDGE('',*,*,#759,.F.);
#970=ORIENTED_EDGE('',*,*,#752,.T.);
#971=ORIENTED_EDGE('',*,*,#760,.F.);
#972=ORIENTED_EDGE('',*,*,#757,.F.);
#973=ORIENTED_EDGE('',*,*,#761,.T.);
#974=ORIENTED_EDGE('',*,*,#762,.T.);
#975=ORIENTED_EDGE('',*,*,#763,.T.);
#976=ORIENTED_EDGE('',*,*,#764,.F.);
#977=ORIENTED_EDGE('',*,*,#749,.T.);
#978=ORIENTED_EDGE('',*,*,#759,.T.);
#979=ORIENTED_EDGE('',*,*,#756,.T.);
#980=ORIENTED_EDGE('',*,*,#753,.T.);
#981=ORIENTED_EDGE('',*,*,#765,.T.);
#982=ORIENTED_EDGE('',*,*,#766,.T.);
#983=ORIENTED_EDGE('',*,*,#767,.T.);
#984=ORIENTED_EDGE('',*,*,#768,.T.);
#985=ORIENTED_EDGE('',*,*,#769,.T.);
#986=ORIENTED_EDGE('',*,*,#770,.T.);
#987=ORIENTED_EDGE('',*,*,#771,.T.);
#988=ORIENTED_EDGE('',*,*,#772,.T.);
#989=ORIENTED_EDGE('',*,*,#773,.T.);
#990=ORIENTED_EDGE('',*,*,#774,.T.);
#991=ORIENTED_EDGE('',*,*,#775,.T.);
#992=ORIENTED_EDGE('',*,*,#776,.T.);
#993=ORIENTED_EDGE('',*,*,#777,.T.);
#994=ORIENTED_EDGE('',*,*,#778,.T.);
#995=ORIENTED_EDGE('',*,*,#779,.T.);
#996=ORIENTED_EDGE('',*,*,#780,.T.);
#997=ORIENTED_EDGE('',*,*,#781,.T.);
#998=ORIENTED_EDGE('',*,*,#782,.T.);
#999=ORIENTED_EDGE('',*,*,#783,.T.);
#1000=ORIENTED_EDGE('',*,*,#784,.T.);
#1001=ORIENTED_EDGE('',*,*,#785,.T.);
#1002=ORIENTED_EDGE('',*,*,#786,.T.);
#1003=ORIENTED_EDGE('',*,*,#787,.T.);
#1004=ORIENTED_EDGE('',*,*,#788,.T.);
#1005=ORIENTED_EDGE('',*,*,#789,.T.);
#1006=ORIENTED_EDGE('',*,*,#790,.T.);
#1007=ORIENTED_EDGE('',*,*,#791,.T.);
#1008=ORIENTED_EDGE('',*,*,#792,.T.);
#1009=ORIENTED_EDGE('',*,*,#793,.T.);
#1010=ORIENTED_EDGE('',*,*,#794,.T.);
#1011=ORIENTED_EDGE('',*,*,#795,.T.);
#1012=ORIENTED_EDGE('',*,*,#796,.T.);
#1013=ORIENTED_EDGE('',*,*,#797,.T.);
#1014=ORIENTED_EDGE('',*,*,#798,.T.);
#1015=ORIENTED_EDGE('',*,*,#799,.T.);
#1016=ORIENTED_EDGE('',*,*,#800,.T.);
#1017=ORIENTED_EDGE('',*,*,#801,.T.);
#1018=ORIENTED_EDGE('',*,*,#802,.T.);
#1019=ORIENTED_EDGE('',*,*,#803,.T.);
#1020=ORIENTED_EDGE('',*,*,#804,.T.);
#1021=ORIENTED_EDGE('',*,*,#805,.T.);
#1022=ORIENTED_EDGE('',*,*,#806,.T.);
#1023=ORIENTED_EDGE('',*,*,#807,.T.);
#1024=ORIENTED_EDGE('',*,*,#808,.T.);
#1025=ORIENTED_EDGE('',*,*,#809,.T.);
#1026=ORIENTED_EDGE('',*,*,#810,.T.);
#1027=ORIENTED_EDGE('',*,*,#811,.T.);
#1028=ORIENTED_EDGE('',*,*,#812,.T.);
#1029=ORIENTED_EDGE('',*,*,#813,.F.);
#1030=ORIENTED_EDGE('',*,*,#814,.T.);
#1031=ORIENTED_EDGE('',*,*,#815,.T.);
#1032=ORIENTED_EDGE('',*,*,#816,.F.);
#1033=ORIENTED_EDGE('',*,*,#817,.F.);
#1034=ORIENTED_EDGE('',*,*,#818,.T.);
#1035=ORIENTED_EDGE('',*,*,#819,.T.);
#1036=ORIENTED_EDGE('',*,*,#820,.F.);
#1037=ORIENTED_EDGE('',*,*,#746,.T.);
#1038=ORIENTED_EDGE('',*,*,#743,.T.);
#1039=ORIENTED_EDGE('',*,*,#740,.T.);
#1040=ORIENTED_EDGE('',*,*,#737,.T.);
#1041=ORIENTED_EDGE('',*,*,#821,.T.);
#1042=ORIENTED_EDGE('',*,*,#822,.F.);
#1043=ORIENTED_EDGE('',*,*,#823,.T.);
#1044=ORIENTED_EDGE('',*,*,#824,.T.);
#1045=ORIENTED_EDGE('',*,*,#751,.T.);
#1046=ORIENTED_EDGE('',*,*,#755,.T.);
#1047=ORIENTED_EDGE('',*,*,#758,.T.);
#1048=ORIENTED_EDGE('',*,*,#760,.T.);
#1049=ORIENTED_EDGE('',*,*,#825,.F.);
#1050=ORIENTED_EDGE('',*,*,#826,.F.);
#1051=ORIENTED_EDGE('',*,*,#827,.F.);
#1052=ORIENTED_EDGE('',*,*,#828,.F.);
#1053=ORIENTED_EDGE('',*,*,#829,.F.);
#1054=ORIENTED_EDGE('',*,*,#830,.F.);
#1055=ORIENTED_EDGE('',*,*,#831,.F.);
#1056=ORIENTED_EDGE('',*,*,#832,.F.);
#1057=ORIENTED_EDGE('',*,*,#833,.F.);
#1058=ORIENTED_EDGE('',*,*,#834,.F.);
#1059=ORIENTED_EDGE('',*,*,#835,.F.);
#1060=ORIENTED_EDGE('',*,*,#836,.F.);
#1061=ORIENTED_EDGE('',*,*,#837,.F.);
#1062=ORIENTED_EDGE('',*,*,#838,.F.);
#1063=ORIENTED_EDGE('',*,*,#839,.F.);
#1064=ORIENTED_EDGE('',*,*,#840,.F.);
#1065=ORIENTED_EDGE('',*,*,#841,.F.);
#1066=ORIENTED_EDGE('',*,*,#842,.F.);
#1067=ORIENTED_EDGE('',*,*,#843,.F.);
#1068=ORIENTED_EDGE('',*,*,#844,.F.);
#1069=ORIENTED_EDGE('',*,*,#845,.F.);
#1070=ORIENTED_EDGE('',*,*,#846,.F.);
#1071=ORIENTED_EDGE('',*,*,#847,.F.);
#1072=ORIENTED_EDGE('',*,*,#848,.F.);
#1073=ORIENTED_EDGE('',*,*,#849,.F.);
#1074=ORIENTED_EDGE('',*,*,#850,.F.);
#1075=ORIENTED_EDGE('',*,*,#851,.F.);
#1076=ORIENTED_EDGE('',*,*,#852,.F.);
#1077=ORIENTED_EDGE('',*,*,#853,.F.);
#1078=ORIENTED_EDGE('',*,*,#854,.F.);
#1079=ORIENTED_EDGE('',*,*,#855,.F.);
#1080=ORIENTED_EDGE('',*,*,#856,.F.);
#1081=ORIENTED_EDGE('',*,*,#857,.F.);
#1082=ORIENTED_EDGE('',*,*,#858,.F.);
#1083=ORIENTED_EDGE('',*,*,#859,.F.);
#1084=ORIENTED_EDGE('',*,*,#860,.F.);
#1085=ORIENTED_EDGE('',*,*,#861,.F.);
#1086=ORIENTED_EDGE('',*,*,#862,.F.);
#1087=ORIENTED_EDGE('',*,*,#863,.F.);
#1088=ORIENTED_EDGE('',*,*,#864,.F.);
#1089=ORIENTED_EDGE('',*,*,#865,.F.);
#1090=ORIENTED_EDGE('',*,*,#866,.F.);
#1091=ORIENTED_EDGE('',*,*,#867,.F.);
#1092=ORIENTED_EDGE('',*,*,#868,.F.);
#1093=ORIENTED_EDGE('',*,*,#869,.F.);
#1094=ORIENTED_EDGE('',*,*,#870,.F.);
#1095=ORIENTED_EDGE('',*,*,#871,.F.);
#1096=ORIENTED_EDGE('',*,*,#872,.F.);
#1097=ORIENTED_EDGE('',*,*,#873,.F.);
#1098=ORIENTED_EDGE('',*,*,#874,.T.);
#1099=ORIENTED_EDGE('',*,*,#875,.T.);
#1100=ORIENTED_EDGE('',*,*,#876,.F.);
#1101=ORIENTED_EDGE('',*,*,#877,.F.);
#1102=ORIENTED_EDGE('',*,*,#878,.T.);
#1103=ORIENTED_EDGE('',*,*,#879,.T.);
#1104=ORIENTED_EDGE('',*,*,#880,.F.);
#1105=ORIENTED_EDGE('',*,*,#748,.T.);
#1106=ORIENTED_EDGE('',*,*,#745,.T.);
#1107=ORIENTED_EDGE('',*,*,#742,.T.);
#1108=ORIENTED_EDGE('',*,*,#739,.T.);
#1109=ORIENTED_EDGE('',*,*,#881,.T.);
#1110=ORIENTED_EDGE('',*,*,#764,.T.);
#1111=ORIENTED_EDGE('',*,*,#882,.T.);
#1112=ORIENTED_EDGE('',*,*,#822,.T.);
#1113=ORIENTED_EDGE('',*,*,#883,.F.);
#1114=ORIENTED_EDGE('',*,*,#761,.F.);
#1115=ORIENTED_EDGE('',*,*,#881,.F.);
#1116=ORIENTED_EDGE('',*,*,#821,.F.);
#1117=ORIENTED_EDGE('',*,*,#883,.T.);
#1118=ORIENTED_EDGE('',*,*,#824,.F.);
#1119=ORIENTED_EDGE('',*,*,#884,.F.);
#1120=ORIENTED_EDGE('',*,*,#762,.F.);
#1121=ORIENTED_EDGE('',*,*,#884,.T.);
#1122=ORIENTED_EDGE('',*,*,#823,.F.);
#1123=ORIENTED_EDGE('',*,*,#882,.F.);
#1124=ORIENTED_EDGE('',*,*,#763,.F.);
#1125=ORIENTED_EDGE('',*,*,#866,.T.);
#1126=ORIENTED_EDGE('',*,*,#885,.T.);
#1127=ORIENTED_EDGE('',*,*,#812,.F.);
#1128=ORIENTED_EDGE('',*,*,#886,.F.);
#1129=ORIENTED_EDGE('',*,*,#867,.T.);
#1130=ORIENTED_EDGE('',*,*,#886,.T.);
#1131=ORIENTED_EDGE('',*,*,#811,.F.);
#1132=ORIENTED_EDGE('',*,*,#887,.F.);
#1133=ORIENTED_EDGE('',*,*,#868,.T.);
#1134=ORIENTED_EDGE('',*,*,#887,.T.);
#1135=ORIENTED_EDGE('',*,*,#810,.F.);
#1136=ORIENTED_EDGE('',*,*,#888,.F.);
#1137=ORIENTED_EDGE('',*,*,#869,.T.);
#1138=ORIENTED_EDGE('',*,*,#888,.T.);
#1139=ORIENTED_EDGE('',*,*,#809,.F.);
#1140=ORIENTED_EDGE('',*,*,#889,.F.);
#1141=ORIENTED_EDGE('',*,*,#870,.T.);
#1142=ORIENTED_EDGE('',*,*,#889,.T.);
#1143=ORIENTED_EDGE('',*,*,#808,.F.);
#1144=ORIENTED_EDGE('',*,*,#890,.F.);
#1145=ORIENTED_EDGE('',*,*,#871,.T.);
#1146=ORIENTED_EDGE('',*,*,#890,.T.);
#1147=ORIENTED_EDGE('',*,*,#807,.F.);
#1148=ORIENTED_EDGE('',*,*,#891,.F.);
#1149=ORIENTED_EDGE('',*,*,#872,.T.);
#1150=ORIENTED_EDGE('',*,*,#891,.T.);
#1151=ORIENTED_EDGE('',*,*,#806,.F.);
#1152=ORIENTED_EDGE('',*,*,#892,.F.);
#1153=ORIENTED_EDGE('',*,*,#865,.T.);
#1154=ORIENTED_EDGE('',*,*,#892,.T.);
#1155=ORIENTED_EDGE('',*,*,#805,.F.);
#1156=ORIENTED_EDGE('',*,*,#885,.F.);
#1157=ORIENTED_EDGE('',*,*,#858,.T.);
#1158=ORIENTED_EDGE('',*,*,#893,.T.);
#1159=ORIENTED_EDGE('',*,*,#804,.F.);
#1160=ORIENTED_EDGE('',*,*,#894,.F.);
#1161=ORIENTED_EDGE('',*,*,#859,.T.);
#1162=ORIENTED_EDGE('',*,*,#894,.T.);
#1163=ORIENTED_EDGE('',*,*,#803,.F.);
#1164=ORIENTED_EDGE('',*,*,#895,.F.);
#1165=ORIENTED_EDGE('',*,*,#860,.T.);
#1166=ORIENTED_EDGE('',*,*,#895,.T.);
#1167=ORIENTED_EDGE('',*,*,#802,.F.);
#1168=ORIENTED_EDGE('',*,*,#896,.F.);
#1169=ORIENTED_EDGE('',*,*,#861,.T.);
#1170=ORIENTED_EDGE('',*,*,#896,.T.);
#1171=ORIENTED_EDGE('',*,*,#801,.F.);
#1172=ORIENTED_EDGE('',*,*,#897,.F.);
#1173=ORIENTED_EDGE('',*,*,#862,.T.);
#1174=ORIENTED_EDGE('',*,*,#897,.T.);
#1175=ORIENTED_EDGE('',*,*,#800,.F.);
#1176=ORIENTED_EDGE('',*,*,#898,.F.);
#1177=ORIENTED_EDGE('',*,*,#863,.T.);
#1178=ORIENTED_EDGE('',*,*,#898,.T.);
#1179=ORIENTED_EDGE('',*,*,#799,.F.);
#1180=ORIENTED_EDGE('',*,*,#899,.F.);
#1181=ORIENTED_EDGE('',*,*,#864,.T.);
#1182=ORIENTED_EDGE('',*,*,#899,.T.);
#1183=ORIENTED_EDGE('',*,*,#798,.F.);
#1184=ORIENTED_EDGE('',*,*,#900,.F.);
#1185=ORIENTED_EDGE('',*,*,#857,.T.);
#1186=ORIENTED_EDGE('',*,*,#900,.T.);
#1187=ORIENTED_EDGE('',*,*,#797,.F.);
#1188=ORIENTED_EDGE('',*,*,#893,.F.);
#1189=ORIENTED_EDGE('',*,*,#850,.T.);
#1190=ORIENTED_EDGE('',*,*,#901,.T.);
#1191=ORIENTED_EDGE('',*,*,#796,.F.);
#1192=ORIENTED_EDGE('',*,*,#902,.F.);
#1193=ORIENTED_EDGE('',*,*,#851,.T.);
#1194=ORIENTED_EDGE('',*,*,#902,.T.);
#1195=ORIENTED_EDGE('',*,*,#795,.F.);
#1196=ORIENTED_EDGE('',*,*,#903,.F.);
#1197=ORIENTED_EDGE('',*,*,#852,.T.);
#1198=ORIENTED_EDGE('',*,*,#903,.T.);
#1199=ORIENTED_EDGE('',*,*,#794,.F.);
#1200=ORIENTED_EDGE('',*,*,#904,.F.);
#1201=ORIENTED_EDGE('',*,*,#853,.T.);
#1202=ORIENTED_EDGE('',*,*,#904,.T.);
#1203=ORIENTED_EDGE('',*,*,#793,.F.);
#1204=ORIENTED_EDGE('',*,*,#905,.F.);
#1205=ORIENTED_EDGE('',*,*,#854,.T.);
#1206=ORIENTED_EDGE('',*,*,#905,.T.);
#1207=ORIENTED_EDGE('',*,*,#792,.F.);
#1208=ORIENTED_EDGE('',*,*,#906,.F.);
#1209=ORIENTED_EDGE('',*,*,#855,.T.);
#1210=ORIENTED_EDGE('',*,*,#906,.T.);
#1211=ORIENTED_EDGE('',*,*,#791,.F.);
#1212=ORIENTED_EDGE('',*,*,#907,.F.);
#1213=ORIENTED_EDGE('',*,*,#856,.T.);
#1214=ORIENTED_EDGE('',*,*,#907,.T.);
#1215=ORIENTED_EDGE('',*,*,#790,.F.);
#1216=ORIENTED_EDGE('',*,*,#908,.F.);
#1217=ORIENTED_EDGE('',*,*,#849,.T.);
#1218=ORIENTED_EDGE('',*,*,#908,.T.);
#1219=ORIENTED_EDGE('',*,*,#789,.F.);
#1220=ORIENTED_EDGE('',*,*,#901,.F.);
#1221=ORIENTED_EDGE('',*,*,#842,.T.);
#1222=ORIENTED_EDGE('',*,*,#909,.T.);
#1223=ORIENTED_EDGE('',*,*,#788,.F.);
#1224=ORIENTED_EDGE('',*,*,#910,.F.);
#1225=ORIENTED_EDGE('',*,*,#843,.T.);
#1226=ORIENTED_EDGE('',*,*,#910,.T.);
#1227=ORIENTED_EDGE('',*,*,#787,.F.);
#1228=ORIENTED_EDGE('',*,*,#911,.F.);
#1229=ORIENTED_EDGE('',*,*,#844,.T.);
#1230=ORIENTED_EDGE('',*,*,#911,.T.);
#1231=ORIENTED_EDGE('',*,*,#786,.F.);
#1232=ORIENTED_EDGE('',*,*,#912,.F.);
#1233=ORIENTED_EDGE('',*,*,#845,.T.);
#1234=ORIENTED_EDGE('',*,*,#912,.T.);
#1235=ORIENTED_EDGE('',*,*,#785,.F.);
#1236=ORIENTED_EDGE('',*,*,#913,.F.);
#1237=ORIENTED_EDGE('',*,*,#846,.T.);
#1238=ORIENTED_EDGE('',*,*,#913,.T.);
#1239=ORIENTED_EDGE('',*,*,#784,.F.);
#1240=ORIENTED_EDGE('',*,*,#914,.F.);
#1241=ORIENTED_EDGE('',*,*,#847,.T.);
#1242=ORIENTED_EDGE('',*,*,#914,.T.);
#1243=ORIENTED_EDGE('',*,*,#783,.F.);
#1244=ORIENTED_EDGE('',*,*,#915,.F.);
#1245=ORIENTED_EDGE('',*,*,#848,.T.);
#1246=ORIENTED_EDGE('',*,*,#915,.T.);
#1247=ORIENTED_EDGE('',*,*,#782,.F.);
#1248=ORIENTED_EDGE('',*,*,#916,.F.);
#1249=ORIENTED_EDGE('',*,*,#841,.T.);
#1250=ORIENTED_EDGE('',*,*,#916,.T.);
#1251=ORIENTED_EDGE('',*,*,#781,.F.);
#1252=ORIENTED_EDGE('',*,*,#909,.F.);
#1253=ORIENTED_EDGE('',*,*,#834,.T.);
#1254=ORIENTED_EDGE('',*,*,#917,.T.);
#1255=ORIENTED_EDGE('',*,*,#780,.F.);
#1256=ORIENTED_EDGE('',*,*,#918,.F.);
#1257=ORIENTED_EDGE('',*,*,#835,.T.);
#1258=ORIENTED_EDGE('',*,*,#918,.T.);
#1259=ORIENTED_EDGE('',*,*,#779,.F.);
#1260=ORIENTED_EDGE('',*,*,#919,.F.);
#1261=ORIENTED_EDGE('',*,*,#836,.T.);
#1262=ORIENTED_EDGE('',*,*,#919,.T.);
#1263=ORIENTED_EDGE('',*,*,#778,.F.);
#1264=ORIENTED_EDGE('',*,*,#920,.F.);
#1265=ORIENTED_EDGE('',*,*,#837,.T.);
#1266=ORIENTED_EDGE('',*,*,#920,.T.);
#1267=ORIENTED_EDGE('',*,*,#777,.F.);
#1268=ORIENTED_EDGE('',*,*,#921,.F.);
#1269=ORIENTED_EDGE('',*,*,#838,.T.);
#1270=ORIENTED_EDGE('',*,*,#921,.T.);
#1271=ORIENTED_EDGE('',*,*,#776,.F.);
#1272=ORIENTED_EDGE('',*,*,#922,.F.);
#1273=ORIENTED_EDGE('',*,*,#839,.T.);
#1274=ORIENTED_EDGE('',*,*,#922,.T.);
#1275=ORIENTED_EDGE('',*,*,#775,.F.);
#1276=ORIENTED_EDGE('',*,*,#923,.F.);
#1277=ORIENTED_EDGE('',*,*,#840,.T.);
#1278=ORIENTED_EDGE('',*,*,#923,.T.);
#1279=ORIENTED_EDGE('',*,*,#774,.F.);
#1280=ORIENTED_EDGE('',*,*,#924,.F.);
#1281=ORIENTED_EDGE('',*,*,#833,.T.);
#1282=ORIENTED_EDGE('',*,*,#924,.T.);
#1283=ORIENTED_EDGE('',*,*,#773,.F.);
#1284=ORIENTED_EDGE('',*,*,#917,.F.);
#1285=ORIENTED_EDGE('',*,*,#826,.T.);
#1286=ORIENTED_EDGE('',*,*,#925,.T.);
#1287=ORIENTED_EDGE('',*,*,#772,.F.);
#1288=ORIENTED_EDGE('',*,*,#926,.F.);
#1289=ORIENTED_EDGE('',*,*,#827,.T.);
#1290=ORIENTED_EDGE('',*,*,#926,.T.);
#1291=ORIENTED_EDGE('',*,*,#771,.F.);
#1292=ORIENTED_EDGE('',*,*,#927,.F.);
#1293=ORIENTED_EDGE('',*,*,#828,.T.);
#1294=ORIENTED_EDGE('',*,*,#927,.T.);
#1295=ORIENTED_EDGE('',*,*,#770,.F.);
#1296=ORIENTED_EDGE('',*,*,#928,.F.);
#1297=ORIENTED_EDGE('',*,*,#829,.T.);
#1298=ORIENTED_EDGE('',*,*,#928,.T.);
#1299=ORIENTED_EDGE('',*,*,#769,.F.);
#1300=ORIENTED_EDGE('',*,*,#929,.F.);
#1301=ORIENTED_EDGE('',*,*,#830,.T.);
#1302=ORIENTED_EDGE('',*,*,#929,.T.);
#1303=ORIENTED_EDGE('',*,*,#768,.F.);
#1304=ORIENTED_EDGE('',*,*,#930,.F.);
#1305=ORIENTED_EDGE('',*,*,#831,.T.);
#1306=ORIENTED_EDGE('',*,*,#930,.T.);
#1307=ORIENTED_EDGE('',*,*,#767,.F.);
#1308=ORIENTED_EDGE('',*,*,#931,.F.);
#1309=ORIENTED_EDGE('',*,*,#832,.T.);
#1310=ORIENTED_EDGE('',*,*,#931,.T.);
#1311=ORIENTED_EDGE('',*,*,#766,.F.);
#1312=ORIENTED_EDGE('',*,*,#932,.F.);
#1313=ORIENTED_EDGE('',*,*,#825,.T.);
#1314=ORIENTED_EDGE('',*,*,#932,.T.);
#1315=ORIENTED_EDGE('',*,*,#765,.F.);
#1316=ORIENTED_EDGE('',*,*,#925,.F.);
#1317=ORIENTED_EDGE('',*,*,#877,.T.);
#1318=ORIENTED_EDGE('',*,*,#933,.T.);
#1319=ORIENTED_EDGE('',*,*,#814,.F.);
#1320=ORIENTED_EDGE('',*,*,#934,.F.);
#1321=ORIENTED_EDGE('',*,*,#934,.T.);
#1322=ORIENTED_EDGE('',*,*,#813,.T.);
#1323=ORIENTED_EDGE('',*,*,#935,.F.);
#1324=ORIENTED_EDGE('',*,*,#878,.F.);
#1325=ORIENTED_EDGE('',*,*,#935,.T.);
#1326=ORIENTED_EDGE('',*,*,#816,.T.);
#1327=ORIENTED_EDGE('',*,*,#936,.F.);
#1328=ORIENTED_EDGE('',*,*,#879,.F.);
#1329=ORIENTED_EDGE('',*,*,#880,.T.);
#1330=ORIENTED_EDGE('',*,*,#936,.T.);
#1331=ORIENTED_EDGE('',*,*,#815,.F.);
#1332=ORIENTED_EDGE('',*,*,#933,.F.);
#1333=ORIENTED_EDGE('',*,*,#873,.T.);
#1334=ORIENTED_EDGE('',*,*,#937,.T.);
#1335=ORIENTED_EDGE('',*,*,#818,.F.);
#1336=ORIENTED_EDGE('',*,*,#938,.F.);
#1337=ORIENTED_EDGE('',*,*,#938,.T.);
#1338=ORIENTED_EDGE('',*,*,#817,.T.);
#1339=ORIENTED_EDGE('',*,*,#939,.F.);
#1340=ORIENTED_EDGE('',*,*,#874,.F.);
#1341=ORIENTED_EDGE('',*,*,#939,.T.);
#1342=ORIENTED_EDGE('',*,*,#820,.T.);
#1343=ORIENTED_EDGE('',*,*,#940,.F.);
#1344=ORIENTED_EDGE('',*,*,#875,.F.);
#1345=ORIENTED_EDGE('',*,*,#876,.T.);
#1346=ORIENTED_EDGE('',*,*,#940,.T.);
#1347=ORIENTED_EDGE('',*,*,#819,.F.);
#1348=ORIENTED_EDGE('',*,*,#937,.F.);
#1349=CYLINDRICAL_SURFACE('',#1461,0.00145);
#1350=CYLINDRICAL_SURFACE('',#1464,0.00145);
#1351=CYLINDRICAL_SURFACE('',#1467,0.00145);
#1352=CYLINDRICAL_SURFACE('',#1470,0.00145);
#1353=CYLINDRICAL_SURFACE('',#1532,0.0005);
#1354=CYLINDRICAL_SURFACE('',#1534,0.000499999999999989);
#1355=CYLINDRICAL_SURFACE('',#1536,0.0005);
#1356=CYLINDRICAL_SURFACE('',#1538,0.000500000000000007);
#1357=CYLINDRICAL_SURFACE('',#1540,0.000499999999999989);
#1358=CYLINDRICAL_SURFACE('',#1542,0.000500000000000007);
#1359=CYLINDRICAL_SURFACE('',#1544,0.0005);
#1360=CYLINDRICAL_SURFACE('',#1546,0.000499999999999972);
#1361=CYLINDRICAL_SURFACE('',#1548,0.0005);
#1362=CYLINDRICAL_SURFACE('',#1550,0.000499999999999989);
#1363=CYLINDRICAL_SURFACE('',#1552,0.000500000000000007);
#1364=CYLINDRICAL_SURFACE('',#1554,0.000500000000000007);
#1365=CYLINDRICAL_SURFACE('',#1556,0.000499999999999989);
#1366=CYLINDRICAL_SURFACE('',#1558,0.000499999999999989);
#1367=CYLINDRICAL_SURFACE('',#1560,0.0005);
#1368=CYLINDRICAL_SURFACE('',#1562,0.000500000000000007);
#1369=CYLINDRICAL_SURFACE('',#1564,0.000500000000000007);
#1370=CYLINDRICAL_SURFACE('',#1566,0.000500000000000007);
#1371=CYLINDRICAL_SURFACE('',#1568,0.0005);
#1372=CYLINDRICAL_SURFACE('',#1570,0.000499999999999972);
#1373=CYLINDRICAL_SURFACE('',#1572,0.0005);
#1374=CYLINDRICAL_SURFACE('',#1574,0.000500000000000007);
#1375=CYLINDRICAL_SURFACE('',#1576,0.0005);
#1376=CYLINDRICAL_SURFACE('',#1578,0.000499999999999972);
#1377=ADVANCED_FACE('',(#83),#1349,.F.);
#1378=ADVANCED_FACE('',(#84),#1350,.F.);
#1379=ADVANCED_FACE('',(#85),#1351,.F.);
#1380=ADVANCED_FACE('',(#86),#1352,.F.);
#1381=ADVANCED_FACE('',(#87),#41,.F.);
#1382=ADVANCED_FACE('',(#88),#42,.F.);
#1383=ADVANCED_FACE('',(#89),#43,.F.);
#1384=ADVANCED_FACE('',(#90),#44,.F.);
#1385=ADVANCED_FACE('',(#91,#15,#16,#17,#18,#19,#20,#21,#22,#23,#24,#25,
#26,#27),#45,.T.);
#1386=ADVANCED_FACE('',(#92,#28,#29,#30,#31,#32,#33,#34,#35,#36,#37,#38,
#39,#40),#46,.F.);
#1387=ADVANCED_FACE('',(#93),#47,.T.);
#1388=ADVANCED_FACE('',(#94),#48,.F.);
#1389=ADVANCED_FACE('',(#95),#49,.F.);
#1390=ADVANCED_FACE('',(#96),#50,.T.);
#1391=ADVANCED_FACE('',(#97),#51,.T.);
#1392=ADVANCED_FACE('',(#98),#1353,.F.);
#1393=ADVANCED_FACE('',(#99),#52,.T.);
#1394=ADVANCED_FACE('',(#100),#1354,.F.);
#1395=ADVANCED_FACE('',(#101),#53,.T.);
#1396=ADVANCED_FACE('',(#102),#1355,.F.);
#1397=ADVANCED_FACE('',(#103),#54,.T.);
#1398=ADVANCED_FACE('',(#104),#1356,.F.);
#1399=ADVANCED_FACE('',(#105),#55,.T.);
#1400=ADVANCED_FACE('',(#106),#1357,.F.);
#1401=ADVANCED_FACE('',(#107),#56,.T.);
#1402=ADVANCED_FACE('',(#108),#1358,.F.);
#1403=ADVANCED_FACE('',(#109),#57,.T.);
#1404=ADVANCED_FACE('',(#110),#1359,.F.);
#1405=ADVANCED_FACE('',(#111),#58,.T.);
#1406=ADVANCED_FACE('',(#112),#1360,.F.);
#1407=ADVANCED_FACE('',(#113),#59,.T.);
#1408=ADVANCED_FACE('',(#114),#1361,.F.);
#1409=ADVANCED_FACE('',(#115),#60,.T.);
#1410=ADVANCED_FACE('',(#116),#1362,.F.);
#1411=ADVANCED_FACE('',(#117),#61,.T.);
#1412=ADVANCED_FACE('',(#118),#1363,.F.);
#1413=ADVANCED_FACE('',(#119),#62,.T.);
#1414=ADVANCED_FACE('',(#120),#1364,.F.);
#1415=ADVANCED_FACE('',(#121),#63,.T.);
#1416=ADVANCED_FACE('',(#122),#1365,.F.);
#1417=ADVANCED_FACE('',(#123),#64,.T.);
#1418=ADVANCED_FACE('',(#124),#1366,.F.);
#1419=ADVANCED_FACE('',(#125),#65,.T.);
#1420=ADVANCED_FACE('',(#126),#1367,.F.);
#1421=ADVANCED_FACE('',(#127),#66,.T.);
#1422=ADVANCED_FACE('',(#128),#1368,.F.);
#1423=ADVANCED_FACE('',(#129),#67,.T.);
#1424=ADVANCED_FACE('',(#130),#1369,.F.);
#1425=ADVANCED_FACE('',(#131),#68,.T.);
#1426=ADVANCED_FACE('',(#132),#1370,.F.);
#1427=ADVANCED_FACE('',(#133),#69,.T.);
#1428=ADVANCED_FACE('',(#134),#1371,.F.);
#1429=ADVANCED_FACE('',(#135),#70,.T.);
#1430=ADVANCED_FACE('',(#136),#1372,.F.);
#1431=ADVANCED_FACE('',(#137),#71,.T.);
#1432=ADVANCED_FACE('',(#138),#1373,.F.);
#1433=ADVANCED_FACE('',(#139),#72,.T.);
#1434=ADVANCED_FACE('',(#140),#1374,.F.);
#1435=ADVANCED_FACE('',(#141),#73,.T.);
#1436=ADVANCED_FACE('',(#142),#1375,.F.);
#1437=ADVANCED_FACE('',(#143),#74,.T.);
#1438=ADVANCED_FACE('',(#144),#1376,.F.);
#1439=ADVANCED_FACE('',(#145),#75,.T.);
#1440=ADVANCED_FACE('',(#146),#76,.F.);
#1441=ADVANCED_FACE('',(#147),#77,.F.);
#1442=ADVANCED_FACE('',(#148),#78,.T.);
#1443=ADVANCED_FACE('',(#149),#79,.T.);
#1444=ADVANCED_FACE('',(#150),#80,.F.);
#1445=ADVANCED_FACE('',(#151),#81,.F.);
#1446=ADVANCED_FACE('',(#152),#82,.T.);
#1447=CLOSED_SHELL('',(#1377,#1378,#1379,#1380,#1381,#1382,#1383,#1384,
#1385,#1386,#1387,#1388,#1389,#1390,#1391,#1392,#1393,#1394,#1395,#1396,
#1397,#1398,#1399,#1400,#1401,#1402,#1403,#1404,#1405,#1406,#1407,#1408,
#1409,#1410,#1411,#1412,#1413,#1414,#1415,#1416,#1417,#1418,#1419,#1420,
#1421,#1422,#1423,#1424,#1425,#1426,#1427,#1428,#1429,#1430,#1431,#1432,
#1433,#1434,#1435,#1436,#1437,#1438,#1439,#1440,#1441,#1442,#1443,#1444,
#1445,#1446));
#1448=DERIVED_UNIT_ELEMENT(#1450,1.);
#1449=DERIVED_UNIT_ELEMENT(#2404,-3.);
#1450=(
MASS_UNIT()
NAMED_UNIT(*)
SI_UNIT(.KILO.,.GRAM.)
);
#1451=DERIVED_UNIT((#1448,#1449));
#1452=MEASURE_REPRESENTATION_ITEM('density measure',
POSITIVE_RATIO_MEASURE(7850.),#1451);
#1453=PROPERTY_DEFINITION_REPRESENTATION(#1458,#1455);
#1454=PROPERTY_DEFINITION_REPRESENTATION(#1459,#1456);
#1455=REPRESENTATION('material name',(#1457),#2402);
#1456=REPRESENTATION('density',(#1452),#2402);
#1457=DESCRIPTIVE_REPRESENTATION_ITEM('Steel','Steel');
#1458=PROPERTY_DEFINITION('material property','material name',#2411);
#1459=PROPERTY_DEFINITION('material property','density of part',#2411);
#1460=AXIS2_PLACEMENT_3D('',#1989,#1587,#1588);
#1461=AXIS2_PLACEMENT_3D('',#1990,#1589,#1590);
#1462=AXIS2_PLACEMENT_3D('',#1992,#1591,#1592);
#1463=AXIS2_PLACEMENT_3D('',#1995,#1594,#1595);
#1464=AXIS2_PLACEMENT_3D('',#1996,#1596,#1597);
#1465=AXIS2_PLACEMENT_3D('',#1998,#1598,#1599);
#1466=AXIS2_PLACEMENT_3D('',#2001,#1601,#1602);
#1467=AXIS2_PLACEMENT_3D('',#2002,#1603,#1604);
#1468=AXIS2_PLACEMENT_3D('',#2004,#1605,#1606);
#1469=AXIS2_PLACEMENT_3D('',#2007,#1608,#1609);
#1470=AXIS2_PLACEMENT_3D('',#2008,#1610,#1611);
#1471=AXIS2_PLACEMENT_3D('',#2010,#1612,#1613);
#1472=AXIS2_PLACEMENT_3D('',#2013,#1615,#1616);
#1473=AXIS2_PLACEMENT_3D('',#2014,#1617,#1618);
#1474=AXIS2_PLACEMENT_3D('',#2023,#1623,#1624);
#1475=AXIS2_PLACEMENT_3D('',#2029,#1628,#1629);
#1476=AXIS2_PLACEMENT_3D('',#2035,#1633,#1634);
#1477=AXIS2_PLACEMENT_3D('',#2038,#1637,#1638);
#1478=AXIS2_PLACEMENT_3D('',#2049,#1643,#1644);
#1479=AXIS2_PLACEMENT_3D('',#2053,#1646,#1647);
#1480=AXIS2_PLACEMENT_3D('',#2057,#1649,#1650);
#1481=AXIS2_PLACEMENT_3D('',#2061,#1652,#1653);
#1482=AXIS2_PLACEMENT_3D('',#2065,#1655,#1656);
#1483=AXIS2_PLACEMENT_3D('',#2069,#1658,#1659);
#1484=AXIS2_PLACEMENT_3D('',#2073,#1661,#1662);
#1485=AXIS2_PLACEMENT_3D('',#2077,#1664,#1665);
#1486=AXIS2_PLACEMENT_3D('',#2081,#1667,#1668);
#1487=AXIS2_PLACEMENT_3D('',#2085,#1670,#1671);
#1488=AXIS2_PLACEMENT_3D('',#2089,#1673,#1674);
#1489=AXIS2_PLACEMENT_3D('',#2093,#1676,#1677);
#1490=AXIS2_PLACEMENT_3D('',#2097,#1679,#1680);
#1491=AXIS2_PLACEMENT_3D('',#2101,#1682,#1683);
#1492=AXIS2_PLACEMENT_3D('',#2105,#1685,#1686);
#1493=AXIS2_PLACEMENT_3D('',#2109,#1688,#1689);
#1494=AXIS2_PLACEMENT_3D('',#2113,#1691,#1692);
#1495=AXIS2_PLACEMENT_3D('',#2117,#1694,#1695);
#1496=AXIS2_PLACEMENT_3D('',#2121,#1697,#1698);
#1497=AXIS2_PLACEMENT_3D('',#2125,#1700,#1701);
#1498=AXIS2_PLACEMENT_3D('',#2129,#1703,#1704);
#1499=AXIS2_PLACEMENT_3D('',#2133,#1706,#1707);
#1500=AXIS2_PLACEMENT_3D('',#2137,#1709,#1710);
#1501=AXIS2_PLACEMENT_3D('',#2141,#1712,#1713);
#1502=AXIS2_PLACEMENT_3D('',#2159,#1723,#1724);
#1503=AXIS2_PLACEMENT_3D('',#2170,#1729,#1730);
#1504=AXIS2_PLACEMENT_3D('',#2174,#1732,#1733);
#1505=AXIS2_PLACEMENT_3D('',#2178,#1735,#1736);
#1506=AXIS2_PLACEMENT_3D('',#2182,#1738,#1739);
#1507=AXIS2_PLACEMENT_3D('',#2186,#1741,#1742);
#1508=AXIS2_PLACEMENT_3D('',#2190,#1744,#1745);
#1509=AXIS2_PLACEMENT_3D('',#2194,#1747,#1748);
#1510=AXIS2_PLACEMENT_3D('',#2198,#1750,#1751);
#1511=AXIS2_PLACEMENT_3D('',#2202,#1753,#1754);
#1512=AXIS2_PLACEMENT_3D('',#2206,#1756,#1757);
#1513=AXIS2_PLACEMENT_3D('',#2210,#1759,#1760);
#1514=AXIS2_PLACEMENT_3D('',#2214,#1762,#1763);
#1515=AXIS2_PLACEMENT_3D('',#2218,#1765,#1766);
#1516=AXIS2_PLACEMENT_3D('',#2222,#1768,#1769);
#1517=AXIS2_PLACEMENT_3D('',#2226,#1771,#1772);
#1518=AXIS2_PLACEMENT_3D('',#2230,#1774,#1775);
#1519=AXIS2_PLACEMENT_3D('',#2234,#1777,#1778);
#1520=AXIS2_PLACEMENT_3D('',#2238,#1780,#1781);
#1521=AXIS2_PLACEMENT_3D('',#2242,#1783,#1784);
#1522=AXIS2_PLACEMENT_3D('',#2246,#1786,#1787);
#1523=AXIS2_PLACEMENT_3D('',#2250,#1789,#1790);
#1524=AXIS2_PLACEMENT_3D('',#2254,#1792,#1793);
#1525=AXIS2_PLACEMENT_3D('',#2258,#1795,#1796);
#1526=AXIS2_PLACEMENT_3D('',#2262,#1798,#1799);
#1527=AXIS2_PLACEMENT_3D('',#2280,#1809,#1810);
#1528=AXIS2_PLACEMENT_3D('',#2283,#1813,#1814);
#1529=AXIS2_PLACEMENT_3D('',#2285,#1816,#1817);
#1530=AXIS2_PLACEMENT_3D('',#2287,#1819,#1820);
#1531=AXIS2_PLACEMENT_3D('',#2288,#1821,#1822);
#1532=AXIS2_PLACEMENT_3D('',#2291,#1825,#1826);
#1533=AXIS2_PLACEMENT_3D('',#2293,#1828,#1829);
#1534=AXIS2_PLACEMENT_3D('',#2295,#1831,#1832);
#1535=AXIS2_PLACEMENT_3D('',#2297,#1834,#1835);
#1536=AXIS2_PLACEMENT_3D('',#2299,#1837,#1838);
#1537=AXIS2_PLACEMENT_3D('',#2301,#1840,#1841);
#1538=AXIS2_PLACEMENT_3D('',#2303,#1843,#1844);
#1539=AXIS2_PLACEMENT_3D('',#2304,#1845,#1846);
#1540=AXIS2_PLACEMENT_3D('',#2307,#1849,#1850);
#1541=AXIS2_PLACEMENT_3D('',#2309,#1852,#1853);
#1542=AXIS2_PLACEMENT_3D('',#2311,#1855,#1856);
#1543=AXIS2_PLACEMENT_3D('',#2313,#1858,#1859);
#1544=AXIS2_PLACEMENT_3D('',#2315,#1861,#1862);
#1545=AXIS2_PLACEMENT_3D('',#2317,#1864,#1865);
#1546=AXIS2_PLACEMENT_3D('',#2319,#1867,#1868);
#1547=AXIS2_PLACEMENT_3D('',#2320,#1869,#1870);
#1548=AXIS2_PLACEMENT_3D('',#2323,#1873,#1874);
#1549=AXIS2_PLACEMENT_3D('',#2325,#1876,#1877);
#1550=AXIS2_PLACEMENT_3D('',#2327,#1879,#1880);
#1551=AXIS2_PLACEMENT_3D('',#2329,#1882,#1883);
#1552=AXIS2_PLACEMENT_3D('',#2331,#1885,#1886);
#1553=AXIS2_PLACEMENT_3D('',#2333,#1888,#1889);
#1554=AXIS2_PLACEMENT_3D('',#2335,#1891,#1892);
#1555=AXIS2_PLACEMENT_3D('',#2336,#1893,#1894);
#1556=AXIS2_PLACEMENT_3D('',#2339,#1897,#1898);
#1557=AXIS2_PLACEMENT_3D('',#2341,#1900,#1901);
#1558=AXIS2_PLACEMENT_3D('',#2343,#1903,#1904);
#1559=AXIS2_PLACEMENT_3D('',#2345,#1906,#1907);
#1560=AXIS2_PLACEMENT_3D('',#2347,#1909,#1910);
#1561=AXIS2_PLACEMENT_3D('',#2349,#1912,#1913);
#1562=AXIS2_PLACEMENT_3D('',#2351,#1915,#1916);
#1563=AXIS2_PLACEMENT_3D('',#2352,#1917,#1918);
#1564=AXIS2_PLACEMENT_3D('',#2355,#1921,#1922);
#1565=AXIS2_PLACEMENT_3D('',#2357,#1924,#1925);
#1566=AXIS2_PLACEMENT_3D('',#2359,#1927,#1928);
#1567=AXIS2_PLACEMENT_3D('',#2361,#1930,#1931);
#1568=AXIS2_PLACEMENT_3D('',#2363,#1933,#1934);
#1569=AXIS2_PLACEMENT_3D('',#2365,#1936,#1937);
#1570=AXIS2_PLACEMENT_3D('',#2367,#1939,#1940);
#1571=AXIS2_PLACEMENT_3D('',#2368,#1941,#1942);
#1572=AXIS2_PLACEMENT_3D('',#2371,#1945,#1946);
#1573=AXIS2_PLACEMENT_3D('',#2373,#1948,#1949);
#1574=AXIS2_PLACEMENT_3D('',#2375,#1951,#1952);
#1575=AXIS2_PLACEMENT_3D('',#2377,#1954,#1955);
#1576=AXIS2_PLACEMENT_3D('',#2379,#1957,#1958);
#1577=AXIS2_PLACEMENT_3D('',#2381,#1960,#1961);
#1578=AXIS2_PLACEMENT_3D('',#2383,#1963,#1964);
#1579=AXIS2_PLACEMENT_3D('',#2384,#1965,#1966);
#1580=AXIS2_PLACEMENT_3D('',#2387,#1969,#1970);
#1581=AXIS2_PLACEMENT_3D('',#2389,#1972,#1973);
#1582=AXIS2_PLACEMENT_3D('',#2391,#1975,#1976);
#1583=AXIS2_PLACEMENT_3D('',#2392,#1977,#1978);
#1584=AXIS2_PLACEMENT_3D('',#2395,#1981,#1982);
#1585=AXIS2_PLACEMENT_3D('',#2397,#1984,#1985);
#1586=AXIS2_PLACEMENT_3D('',#2399,#1987,#1988);
#1587=DIRECTION('axis',(0.,0.,1.));
#1588=DIRECTION('refdir',(1.,0.,0.));
#1589=DIRECTION('center_axis',(0.,0.,-1.));
#1590=DIRECTION('ref_axis',(-1.,0.,0.));
#1591=DIRECTION('center_axis',(-3.46944695195363E-18,7.89053498215451E-31,
-1.));
#1592=DIRECTION('ref_axis',(-1.,0.,0.));
#1593=DIRECTION('',(0.,0.,-1.));
#1594=DIRECTION('center_axis',(3.46944695195363E-18,-7.89053498215451E-31,
1.));
#1595=DIRECTION('ref_axis',(-1.,0.,0.));
#1596=DIRECTION('center_axis',(0.,0.,-1.));
#1597=DIRECTION('ref_axis',(-1.,0.,0.));
#1598=DIRECTION('center_axis',(-3.46944695195363E-18,7.89053498215451E-31,
-1.));
#1599=DIRECTION('ref_axis',(-1.,0.,0.));
#1600=DIRECTION('',(0.,0.,-1.));
#1601=DIRECTION('center_axis',(3.46944695195363E-18,-7.89053498215451E-31,
1.));
#1602=DIRECTION('ref_axis',(-1.,0.,0.));
#1603=DIRECTION('center_axis',(0.,0.,-1.));
#1604=DIRECTION('ref_axis',(-1.,0.,0.));
#1605=DIRECTION('center_axis',(-3.46944695195363E-18,7.89053498215451E-31,
-1.));
#1606=DIRECTION('ref_axis',(-1.,0.,0.));
#1607=DIRECTION('',(0.,0.,-1.));
#1608=DIRECTION('center_axis',(3.46944695195363E-18,-7.89053498215451E-31,
1.));
#1609=DIRECTION('ref_axis',(-1.,0.,0.));
#1610=DIRECTION('center_axis',(0.,0.,-1.));
#1611=DIRECTION('ref_axis',(-1.,0.,0.));
#1612=DIRECTION('center_axis',(-3.46944695195363E-18,7.89053498215451E-31,
-1.));
#1613=DIRECTION('ref_axis',(-1.,0.,0.));
#1614=DIRECTION('',(0.,0.,-1.));
#1615=DIRECTION('center_axis',(3.46944695195363E-18,-7.89053498215451E-31,
1.));
#1616=DIRECTION('ref_axis',(-1.,0.,0.));
#1617=DIRECTION('center_axis',(0.,-1.,0.));
#1618=DIRECTION('ref_axis',(-1.,0.,0.));
#1619=DIRECTION('',(-1.,0.,3.46944695195363E-18));
#1620=DIRECTION('',(0.,0.,-1.));
#1621=DIRECTION('',(1.,0.,-3.46944695195363E-18));
#1622=DIRECTION('',(0.,0.,-1.));
#1623=DIRECTION('center_axis',(1.,0.,0.));
#1624=DIRECTION('ref_axis',(0.,-1.,0.));
#1625=DIRECTION('',(0.,-1.,-7.89053498215451E-31));
#1626=DIRECTION('',(0.,0.,-1.));
#1627=DIRECTION('',(0.,1.,7.89053498215451E-31));
#1628=DIRECTION('center_axis',(0.,1.,0.));
#1629=DIRECTION('ref_axis',(1.,0.,0.));
#1630=DIRECTION('',(1.,0.,-3.46944695195363E-18));
#1631=DIRECTION('',(0.,0.,-1.));
#1632=DIRECTION('',(-1.,0.,3.46944695195363E-18));
#1633=DIRECTION('center_axis',(-1.,0.,0.));
#1634=DIRECTION('ref_axis',(0.,1.,0.));
#1635=DIRECTION('',(0.,1.,7.89053498215451E-31));
#1636=DIRECTION('',(0.,-1.,-7.89053498215451E-31));
#1637=DIRECTION('center_axis',(3.46944695195363E-18,-7.89053498215451E-31,
1.));
#1638=DIRECTION('ref_axis',(1.,1.24172158500069E-32,-3.46944695195363E-18));
#1639=DIRECTION('',(-1.24172158500069E-32,1.,7.89053498215451E-31));
#1640=DIRECTION('',(1.,1.24172158500069E-32,-3.46944695195363E-18));
#1641=DIRECTION('',(-1.24172158500069E-32,1.,7.89053498215451E-31));
#1642=DIRECTION('',(1.,0.,0.));
#1643=DIRECTION('center_axis',(1.23259516440783E-32,-7.88860905221012E-31,
1.));
#1644=DIRECTION('ref_axis',(0.,-1.,-7.88860905221012E-31));
#1645=DIRECTION('',(1.,1.24172158500069E-32,-3.46944695195363E-18));
#1646=DIRECTION('center_axis',(1.23259516440783E-32,-7.88860905221012E-31,
1.));
#1647=DIRECTION('ref_axis',(0.,-1.,-7.88860905221012E-31));
#1648=DIRECTION('',(-1.24172158500069E-32,1.,7.89053498215451E-31));
#1649=DIRECTION('center_axis',(1.23259516440783E-32,-7.88860905221012E-31,
1.));
#1650=DIRECTION('ref_axis',(0.,-1.,-7.88860905221012E-31));
#1651=DIRECTION('',(1.,1.24172158500069E-32,-3.46944695195363E-18));
#1652=DIRECTION('center_axis',(1.23259516440783E-32,-7.88860905221012E-31,
1.));
#1653=DIRECTION('ref_axis',(0.,-1.,-7.88860905221012E-31));
#1654=DIRECTION('',(-1.24172158500069E-32,1.,7.89053498215451E-31));
#1655=DIRECTION('center_axis',(1.23259516440783E-32,-7.88860905221012E-31,
1.));
#1656=DIRECTION('ref_axis',(0.,-1.,-7.88860905221012E-31));
#1657=DIRECTION('',(1.,1.24172158500069E-32,-3.46944695195363E-18));
#1658=DIRECTION('center_axis',(1.23259516440783E-32,-7.88860905221012E-31,
1.));
#1659=DIRECTION('ref_axis',(0.,-1.,-7.88860905221012E-31));
#1660=DIRECTION('',(-1.24172158500069E-32,1.,7.89053498215451E-31));
#1661=DIRECTION('center_axis',(1.23259516440783E-32,-7.88860905221012E-31,
1.));
#1662=DIRECTION('ref_axis',(0.,-1.,-7.88860905221012E-31));
#1663=DIRECTION('',(1.,1.24172158500069E-32,-3.46944695195363E-18));
#1664=DIRECTION('center_axis',(1.23259516440783E-32,-7.88860905221012E-31,
1.));
#1665=DIRECTION('ref_axis',(0.,-1.,-7.88860905221012E-31));
#1666=DIRECTION('',(-1.24172158500069E-32,1.,7.89053498215451E-31));
#1667=DIRECTION('center_axis',(1.23259516440783E-32,-7.88860905221012E-31,
1.));
#1668=DIRECTION('ref_axis',(0.,-1.,-7.88860905221012E-31));
#1669=DIRECTION('',(1.,1.24172158500069E-32,-3.46944695195363E-18));
#1670=DIRECTION('center_axis',(1.23259516440783E-32,-7.88860905221012E-31,
1.));
#1671=DIRECTION('ref_axis',(0.,-1.,-7.88860905221012E-31));
#1672=DIRECTION('',(-1.24172158500069E-32,1.,7.89053498215451E-31));
#1673=DIRECTION('center_axis',(1.23259516440783E-32,-7.88860905221012E-31,
1.));
#1674=DIRECTION('ref_axis',(0.,-1.,-7.88860905221012E-31));
#1675=DIRECTION('',(1.,1.24172158500069E-32,-3.46944695195363E-18));
#1676=DIRECTION('center_axis',(1.23259516440783E-32,-7.88860905221012E-31,
1.));
#1677=DIRECTION('ref_axis',(0.,-1.,-7.88860905221012E-31));
#1678=DIRECTION('',(-1.24172158500069E-32,1.,7.89053498215451E-31));
#1679=DIRECTION('center_axis',(1.23259516440783E-32,-7.88860905221012E-31,
1.));
#1680=DIRECTION('ref_axis',(0.,-1.,-7.88860905221012E-31));
#1681=DIRECTION('',(1.,1.24172158500069E-32,-3.46944695195363E-18));
#1682=DIRECTION('center_axis',(1.23259516440783E-32,-7.88860905221012E-31,
1.));
#1683=DIRECTION('ref_axis',(0.,-1.,-7.88860905221012E-31));
#1684=DIRECTION('',(-1.24172158500069E-32,1.,7.89053498215451E-31));
#1685=DIRECTION('center_axis',(1.23259516440783E-32,-7.88860905221012E-31,
1.));
#1686=DIRECTION('ref_axis',(0.,-1.,-7.88860905221012E-31));
#1687=DIRECTION('',(1.,1.24172158500069E-32,-3.46944695195363E-18));
#1688=DIRECTION('center_axis',(1.23259516440783E-32,-7.88860905221012E-31,
1.));
#1689=DIRECTION('ref_axis',(0.,-1.,-7.88860905221012E-31));
#1690=DIRECTION('',(-1.24172158500069E-32,1.,7.89053498215451E-31));
#1691=DIRECTION('center_axis',(1.23259516440783E-32,-7.88860905221012E-31,
1.));
#1692=DIRECTION('ref_axis',(0.,-1.,-7.88860905221012E-31));
#1693=DIRECTION('',(1.,1.24172158500069E-32,-3.46944695195363E-18));
#1694=DIRECTION('center_axis',(1.23259516440783E-32,-7.88860905221012E-31,
1.));
#1695=DIRECTION('ref_axis',(0.,-1.,-7.88860905221012E-31));
#1696=DIRECTION('',(-1.24172158500069E-32,1.,7.89053498215451E-31));
#1697=DIRECTION('center_axis',(1.23259516440783E-32,-7.88860905221012E-31,
1.));
#1698=DIRECTION('ref_axis',(0.,-1.,-7.88860905221012E-31));
#1699=DIRECTION('',(1.,1.24172158500069E-32,-3.46944695195363E-18));
#1700=DIRECTION('center_axis',(1.23259516440783E-32,-7.88860905221012E-31,
1.));
#1701=DIRECTION('ref_axis',(0.,-1.,-7.88860905221012E-31));
#1702=DIRECTION('',(-1.24172158500069E-32,1.,7.89053498215451E-31));
#1703=DIRECTION('center_axis',(1.23259516440783E-32,-7.88860905221012E-31,
1.));
#1704=DIRECTION('ref_axis',(0.,-1.,-7.88860905221012E-31));
#1705=DIRECTION('',(1.,1.24172158500069E-32,-3.46944695195363E-18));
#1706=DIRECTION('center_axis',(1.23259516440783E-32,-7.88860905221012E-31,
1.));
#1707=DIRECTION('ref_axis',(0.,-1.,-7.88860905221012E-31));
#1708=DIRECTION('',(-1.24172158500069E-32,1.,7.89053498215451E-31));
#1709=DIRECTION('center_axis',(1.23259516440783E-32,-7.88860905221012E-31,
1.));
#1710=DIRECTION('ref_axis',(0.,-1.,-7.88860905221012E-31));
#1711=DIRECTION('',(1.,1.24172158500069E-32,-3.46944695195363E-18));
#1712=DIRECTION('center_axis',(1.23259516440783E-32,-7.88860905221012E-31,
1.));
#1713=DIRECTION('ref_axis',(0.,-1.,-7.88860905221012E-31));
#1714=DIRECTION('',(-1.24172158500069E-32,1.,7.89053498215451E-31));
#1715=DIRECTION('',(-2.73757925431194E-48,-1.,-7.89053498215451E-31));
#1716=DIRECTION('',(1.,2.73757925431194E-48,-3.46944695195363E-18));
#1717=DIRECTION('',(-2.73757925431194E-48,-1.,-7.89053498215451E-31));
#1718=DIRECTION('',(1.,2.73757925431194E-48,-3.46944695195363E-18));
#1719=DIRECTION('',(-2.73757925431194E-48,-1.,-7.89053498215451E-31));
#1720=DIRECTION('',(1.,2.73757925431194E-48,-3.46944695195363E-18));
#1721=DIRECTION('',(-2.73757925431194E-48,-1.,-7.89053498215451E-31));
#1722=DIRECTION('',(1.,2.73757925431194E-48,-3.46944695195363E-18));
#1723=DIRECTION('center_axis',(3.46944695195363E-18,-7.89053498215451E-31,
1.));
#1724=DIRECTION('ref_axis',(1.,1.24172158500069E-32,-3.46944695195363E-18));
#1725=DIRECTION('',(-1.24172158500069E-32,1.,7.89053498215451E-31));
#1726=DIRECTION('',(1.,0.,0.));
#1727=DIRECTION('',(-1.24172158500069E-32,1.,7.89053498215451E-31));
#1728=DIRECTION('',(1.,1.24172158500069E-32,-3.46944695195363E-18));
#1729=DIRECTION('center_axis',(1.23259516440783E-32,-7.88860905221012E-31,
1.));
#1730=DIRECTION('ref_axis',(0.,-1.,-7.88860905221012E-31));
#1731=DIRECTION('',(-1.24172158500069E-32,1.,7.89053498215451E-31));
#1732=DIRECTION('center_axis',(1.23259516440783E-32,-7.88860905221012E-31,
1.));
#1733=DIRECTION('ref_axis',(0.,-1.,-7.88860905221012E-31));
#1734=DIRECTION('',(-1.,-1.24172158500069E-32,3.46944695195363E-18));
#1735=DIRECTION('center_axis',(1.23259516440783E-32,-7.88860905221012E-31,
1.));
#1736=DIRECTION('ref_axis',(0.,-1.,-7.88860905221012E-31));
#1737=DIRECTION('',(1.24172158500069E-32,-1.,-7.89053498215451E-31));
#1738=DIRECTION('center_axis',(1.23259516440783E-32,-7.88860905221012E-31,
1.));
#1739=DIRECTION('ref_axis',(0.,-1.,-7.88860905221012E-31));
#1740=DIRECTION('',(1.,1.24172158500069E-32,-3.46944695195363E-18));
#1741=DIRECTION('center_axis',(1.23259516440783E-32,-7.88860905221012E-31,
1.));
#1742=DIRECTION('ref_axis',(0.,-1.,-7.88860905221012E-31));
#1743=DIRECTION('',(-1.24172158500069E-32,1.,7.89053498215451E-31));
#1744=DIRECTION('center_axis',(1.23259516440783E-32,-7.88860905221012E-31,
1.));
#1745=DIRECTION('ref_axis',(0.,-1.,-7.88860905221012E-31));
#1746=DIRECTION('',(-1.,-1.24172158500069E-32,3.46944695195363E-18));
#1747=DIRECTION('center_axis',(1.23259516440783E-32,-7.88860905221012E-31,
1.));
#1748=DIRECTION('ref_axis',(0.,-1.,-7.88860905221012E-31));
#1749=DIRECTION('',(1.24172158500069E-32,-1.,-7.89053498215451E-31));
#1750=DIRECTION('center_axis',(1.23259516440783E-32,-7.88860905221012E-31,
1.));
#1751=DIRECTION('ref_axis',(0.,-1.,-7.88860905221012E-31));
#1752=DIRECTION('',(1.,1.24172158500069E-32,-3.46944695195363E-18));
#1753=DIRECTION('center_axis',(1.23259516440783E-32,-7.88860905221012E-31,
1.));
#1754=DIRECTION('ref_axis',(0.,-1.,-7.88860905221012E-31));
#1755=DIRECTION('',(-1.24172158500069E-32,1.,7.89053498215451E-31));
#1756=DIRECTION('center_axis',(1.23259516440783E-32,-7.88860905221012E-31,
1.));
#1757=DIRECTION('ref_axis',(0.,-1.,-7.88860905221012E-31));
#1758=DIRECTION('',(-1.,-1.24172158500069E-32,3.46944695195363E-18));
#1759=DIRECTION('center_axis',(1.23259516440783E-32,-7.88860905221012E-31,
1.));
#1760=DIRECTION('ref_axis',(0.,-1.,-7.88860905221012E-31));
#1761=DIRECTION('',(1.24172158500069E-32,-1.,-7.89053498215451E-31));
#1762=DIRECTION('center_axis',(1.23259516440783E-32,-7.88860905221012E-31,
1.));
#1763=DIRECTION('ref_axis',(0.,-1.,-7.88860905221012E-31));
#1764=DIRECTION('',(1.,1.24172158500069E-32,-3.46944695195363E-18));
#1765=DIRECTION('center_axis',(1.23259516440783E-32,-7.88860905221012E-31,
1.));
#1766=DIRECTION('ref_axis',(0.,-1.,-7.88860905221012E-31));
#1767=DIRECTION('',(-1.24172158500069E-32,1.,7.89053498215451E-31));
#1768=DIRECTION('center_axis',(1.23259516440783E-32,-7.88860905221012E-31,
1.));
#1769=DIRECTION('ref_axis',(0.,-1.,-7.88860905221012E-31));
#1770=DIRECTION('',(-1.,-1.24172158500069E-32,3.46944695195363E-18));
#1771=DIRECTION('center_axis',(1.23259516440783E-32,-7.88860905221012E-31,
1.));
#1772=DIRECTION('ref_axis',(0.,-1.,-7.88860905221012E-31));
#1773=DIRECTION('',(1.24172158500069E-32,-1.,-7.89053498215451E-31));
#1774=DIRECTION('center_axis',(1.23259516440783E-32,-7.88860905221012E-31,
1.));
#1775=DIRECTION('ref_axis',(0.,-1.,-7.88860905221012E-31));
#1776=DIRECTION('',(1.,1.24172158500069E-32,-3.46944695195363E-18));
#1777=DIRECTION('center_axis',(1.23259516440783E-32,-7.88860905221012E-31,
1.));
#1778=DIRECTION('ref_axis',(0.,-1.,-7.88860905221012E-31));
#1779=DIRECTION('',(-1.24172158500069E-32,1.,7.89053498215451E-31));
#1780=DIRECTION('center_axis',(1.23259516440783E-32,-7.88860905221012E-31,
1.));
#1781=DIRECTION('ref_axis',(0.,-1.,-7.88860905221012E-31));
#1782=DIRECTION('',(-1.,-1.24172158500069E-32,3.46944695195363E-18));
#1783=DIRECTION('center_axis',(1.23259516440783E-32,-7.88860905221012E-31,
1.));
#1784=DIRECTION('ref_axis',(0.,-1.,-7.88860905221012E-31));
#1785=DIRECTION('',(1.24172158500069E-32,-1.,-7.89053498215451E-31));
#1786=DIRECTION('center_axis',(1.23259516440783E-32,-7.88860905221012E-31,
1.));
#1787=DIRECTION('ref_axis',(0.,-1.,-7.88860905221012E-31));
#1788=DIRECTION('',(1.,1.24172158500069E-32,-3.46944695195363E-18));
#1789=DIRECTION('center_axis',(1.23259516440783E-32,-7.88860905221012E-31,
1.));
#1790=DIRECTION('ref_axis',(0.,-1.,-7.88860905221012E-31));
#1791=DIRECTION('',(-1.24172158500069E-32,1.,7.89053498215451E-31));
#1792=DIRECTION('center_axis',(1.23259516440783E-32,-7.88860905221012E-31,
1.));
#1793=DIRECTION('ref_axis',(0.,-1.,-7.88860905221012E-31));
#1794=DIRECTION('',(-1.,-1.24172158500069E-32,3.46944695195363E-18));
#1795=DIRECTION('center_axis',(1.23259516440783E-32,-7.88860905221012E-31,
1.));
#1796=DIRECTION('ref_axis',(0.,-1.,-7.88860905221012E-31));
#1797=DIRECTION('',(1.24172158500069E-32,-1.,-7.89053498215451E-31));
#1798=DIRECTION('center_axis',(1.23259516440783E-32,-7.88860905221012E-31,
1.));
#1799=DIRECTION('ref_axis',(0.,-1.,-7.88860905221012E-31));
#1800=DIRECTION('',(1.,1.24172158500069E-32,-3.46944695195363E-18));
#1801=DIRECTION('',(1.,2.73757925431194E-48,-3.46944695195363E-18));
#1802=DIRECTION('',(-2.73757925431194E-48,-1.,-7.89053498215451E-31));
#1803=DIRECTION('',(1.,2.73757925431194E-48,-3.46944695195363E-18));
#1804=DIRECTION('',(-2.73757925431194E-48,-1.,-7.89053498215451E-31));
#1805=DIRECTION('',(1.,2.73757925431194E-48,-3.46944695195363E-18));
#1806=DIRECTION('',(-2.73757925431194E-48,-1.,-7.89053498215451E-31));
#1807=DIRECTION('',(1.,2.73757925431194E-48,-3.46944695195363E-18));
#1808=DIRECTION('',(-2.73757925431194E-48,-1.,-7.89053498215451E-31));
#1809=DIRECTION('center_axis',(0.,1.,0.));
#1810=DIRECTION('ref_axis',(0.,0.,1.));
#1811=DIRECTION('',(0.,0.,1.));
#1812=DIRECTION('',(0.,0.,1.));
#1813=DIRECTION('center_axis',(1.,0.,0.));
#1814=DIRECTION('ref_axis',(0.,0.,-1.));
#1815=DIRECTION('',(0.,0.,1.));
#1816=DIRECTION('center_axis',(0.,1.,0.));
#1817=DIRECTION('ref_axis',(0.,0.,1.));
#1818=DIRECTION('',(-1.23259516440783E-32,7.88860905221012E-31,-1.));
#1819=DIRECTION('center_axis',(1.,-3.5527136788005E-16,-1.23259516440786E-32));
#1820=DIRECTION('ref_axis',(-1.23259516440783E-32,7.88860905221012E-31,
-1.));
#1821=DIRECTION('center_axis',(1.,1.24172158500069E-32,-1.23259516440783E-32));
#1822=DIRECTION('ref_axis',(-1.24172158500069E-32,1.,7.89053498215451E-31));
#1823=DIRECTION('',(1.23259516440783E-32,-7.89053498215451E-31,1.));
#1824=DIRECTION('',(1.23259516440783E-32,-7.88860905221012E-31,1.));
#1825=DIRECTION('center_axis',(1.23259516440783E-32,-7.88860905221012E-31,
1.));
#1826=DIRECTION('ref_axis',(-1.,-3.55271367880048E-14,1.23259516440503E-32));
#1827=DIRECTION('',(3.46944695195363E-18,-7.88860905221012E-31,1.));
#1828=DIRECTION('center_axis',(-1.24172158500069E-32,1.,7.88860905221012E-31));
#1829=DIRECTION('ref_axis',(-1.,-1.24172158500069E-32,3.46944695195363E-18));
#1830=DIRECTION('',(1.23259516440783E-32,-7.88860905221012E-31,1.));
#1831=DIRECTION('center_axis',(1.23259516440783E-32,-7.88860905221012E-31,
1.));
#1832=DIRECTION('ref_axis',(1.24172158500069E-32,-1.,-7.88860905221012E-31));
#1833=DIRECTION('',(1.23259516440783E-32,-7.89053498215451E-31,1.));
#1834=DIRECTION('center_axis',(-1.,-1.24172158500069E-32,1.23259516440783E-32));
#1835=DIRECTION('ref_axis',(1.24172158500069E-32,-1.,-7.89053498215451E-31));
#1836=DIRECTION('',(1.23259516440783E-32,-7.88860905221012E-31,1.));
#1837=DIRECTION('center_axis',(1.23259516440783E-32,-7.88860905221012E-31,
1.));
#1838=DIRECTION('ref_axis',(1.,1.24172158500069E-32,-1.23259516440783E-32));
#1839=DIRECTION('',(3.46944695195363E-18,-7.88860905221012E-31,1.));
#1840=DIRECTION('center_axis',(1.24172158500069E-32,-1.,-7.88860905221012E-31));
#1841=DIRECTION('ref_axis',(1.,1.24172158500069E-32,-3.46944695195363E-18));
#1842=DIRECTION('',(1.23259516440783E-32,-7.88860905221012E-31,1.));
#1843=DIRECTION('center_axis',(1.23259516440783E-32,-7.88860905221012E-31,
1.));
#1844=DIRECTION('ref_axis',(-1.24172158500069E-32,1.,7.88860905221012E-31));
#1845=DIRECTION('center_axis',(1.,1.24172158500069E-32,-1.23259516440783E-32));
#1846=DIRECTION('ref_axis',(-1.24172158500069E-32,1.,7.89053498215451E-31));
#1847=DIRECTION('',(1.23259516440783E-32,-7.89053498215451E-31,1.));
#1848=DIRECTION('',(1.23259516440783E-32,-7.88860905221012E-31,1.));
#1849=DIRECTION('center_axis',(1.23259516440783E-32,-7.88860905221012E-31,
1.));
#1850=DIRECTION('ref_axis',(-1.,1.33226762955022E-14,1.23259516440888E-32));
#1851=DIRECTION('',(3.46944695195363E-18,-7.88860905221012E-31,1.));
#1852=DIRECTION('center_axis',(-1.24172158500069E-32,1.,7.88860905221012E-31));
#1853=DIRECTION('ref_axis',(-1.,-1.24172158500069E-32,3.46944695195363E-18));
#1854=DIRECTION('',(1.23259516440783E-32,-7.88860905221012E-31,1.));
#1855=DIRECTION('center_axis',(1.23259516440783E-32,-7.88860905221012E-31,
1.));
#1856=DIRECTION('ref_axis',(-1.77635683940023E-14,-1.,-7.88860905221012E-31));
#1857=DIRECTION('',(1.23259516440783E-32,-7.89053498215451E-31,1.));
#1858=DIRECTION('center_axis',(-1.,-1.24172158500069E-32,1.23259516440783E-32));
#1859=DIRECTION('ref_axis',(1.24172158500069E-32,-1.,-7.89053498215451E-31));
#1860=DIRECTION('',(1.23259516440783E-32,-7.88860905221012E-31,1.));
#1861=DIRECTION('center_axis',(1.23259516440783E-32,-7.88860905221012E-31,
1.));
#1862=DIRECTION('ref_axis',(1.,1.24172158500069E-32,-1.23259516440783E-32));
#1863=DIRECTION('',(3.46944695195363E-18,-7.88860905221012E-31,1.));
#1864=DIRECTION('center_axis',(1.24172158500069E-32,-1.,-7.88860905221012E-31));
#1865=DIRECTION('ref_axis',(1.,1.24172158500069E-32,-3.46944695195363E-18));
#1866=DIRECTION('',(1.23259516440783E-32,-7.88860905221012E-31,1.));
#1867=DIRECTION('center_axis',(1.23259516440783E-32,-7.88860905221012E-31,
1.));
#1868=DIRECTION('ref_axis',(-1.24172158500069E-32,1.,7.88860905221012E-31));
#1869=DIRECTION('center_axis',(1.,1.24172158500069E-32,-1.23259516440783E-32));
#1870=DIRECTION('ref_axis',(-1.24172158500069E-32,1.,7.89053498215451E-31));
#1871=DIRECTION('',(1.23259516440783E-32,-7.89053498215451E-31,1.));
#1872=DIRECTION('',(1.23259516440783E-32,-7.88860905221012E-31,1.));
#1873=DIRECTION('center_axis',(1.23259516440783E-32,-7.88860905221012E-31,
1.));
#1874=DIRECTION('ref_axis',(-1.,-3.55271367880051E-14,1.23259516440503E-32));
#1875=DIRECTION('',(3.46944695195363E-18,-7.88860905221012E-31,1.));
#1876=DIRECTION('center_axis',(-1.24172158500069E-32,1.,7.88860905221012E-31));
#1877=DIRECTION('ref_axis',(-1.,-1.24172158500069E-32,3.46944695195363E-18));
#1878=DIRECTION('',(1.23259516440783E-32,-7.88860905221012E-31,1.));
#1879=DIRECTION('center_axis',(1.23259516440783E-32,-7.88860905221012E-31,
1.));
#1880=DIRECTION('ref_axis',(4.44089209850072E-15,-1.,-7.88860905221012E-31));
#1881=DIRECTION('',(1.23259516440783E-32,-7.89053498215451E-31,1.));
#1882=DIRECTION('center_axis',(-1.,-1.24172158500069E-32,1.23259516440783E-32));
#1883=DIRECTION('ref_axis',(1.24172158500069E-32,-1.,-7.89053498215451E-31));
#1884=DIRECTION('',(1.23259516440783E-32,-7.88860905221012E-31,1.));
#1885=DIRECTION('center_axis',(1.23259516440783E-32,-7.88860905221012E-31,
1.));
#1886=DIRECTION('ref_axis',(1.,1.24172158500069E-32,-1.23259516440783E-32));
#1887=DIRECTION('',(3.46944695195363E-18,-7.88860905221012E-31,1.));
#1888=DIRECTION('center_axis',(1.24172158500069E-32,-1.,-7.88860905221012E-31));
#1889=DIRECTION('ref_axis',(1.,1.24172158500069E-32,-3.46944695195363E-18));
#1890=DIRECTION('',(1.23259516440783E-32,-7.88860905221012E-31,1.));
#1891=DIRECTION('center_axis',(1.23259516440783E-32,-7.88860905221012E-31,
1.));
#1892=DIRECTION('ref_axis',(1.77635683940023E-14,1.,7.88860905221012E-31));
#1893=DIRECTION('center_axis',(1.,1.24172158500069E-32,-1.23259516440783E-32));
#1894=DIRECTION('ref_axis',(-1.24172158500069E-32,1.,7.89053498215451E-31));
#1895=DIRECTION('',(1.23259516440783E-32,-7.89053498215451E-31,1.));
#1896=DIRECTION('',(1.23259516440783E-32,-7.88860905221012E-31,1.));
#1897=DIRECTION('center_axis',(1.23259516440783E-32,-7.88860905221012E-31,
1.));
#1898=DIRECTION('ref_axis',(-1.,-3.55271367880058E-14,1.23259516440503E-32));
#1899=DIRECTION('',(3.46944695195363E-18,-7.88860905221012E-31,1.));
#1900=DIRECTION('center_axis',(-1.24172158500069E-32,1.,7.88860905221012E-31));
#1901=DIRECTION('ref_axis',(-1.,-1.24172158500069E-32,3.46944695195363E-18));
#1902=DIRECTION('',(1.23259516440783E-32,-7.88860905221012E-31,1.));
#1903=DIRECTION('center_axis',(1.23259516440783E-32,-7.88860905221012E-31,
1.));
#1904=DIRECTION('ref_axis',(1.24172158500069E-32,-1.,-7.88860905221012E-31));
#1905=DIRECTION('',(1.23259516440783E-32,-7.89053498215451E-31,1.));
#1906=DIRECTION('center_axis',(-1.,-1.24172158500069E-32,1.23259516440783E-32));
#1907=DIRECTION('ref_axis',(1.24172158500069E-32,-1.,-7.89053498215451E-31));
#1908=DIRECTION('',(1.23259516440783E-32,-7.88860905221012E-31,1.));
#1909=DIRECTION('center_axis',(1.23259516440783E-32,-7.88860905221012E-31,
1.));
#1910=DIRECTION('ref_axis',(1.,1.24172158500069E-32,-1.23259516440783E-32));
#1911=DIRECTION('',(3.46944695195363E-18,-7.88860905221012E-31,1.));
#1912=DIRECTION('center_axis',(1.24172158500069E-32,-1.,-7.88860905221012E-31));
#1913=DIRECTION('ref_axis',(1.,1.24172158500069E-32,-3.46944695195363E-18));
#1914=DIRECTION('',(1.23259516440783E-32,-7.88860905221012E-31,1.));
#1915=DIRECTION('center_axis',(1.23259516440783E-32,-7.88860905221012E-31,
1.));
#1916=DIRECTION('ref_axis',(-1.24172158500069E-32,1.,7.88860905221012E-31));
#1917=DIRECTION('center_axis',(1.,1.24172158500069E-32,-1.23259516440783E-32));
#1918=DIRECTION('ref_axis',(-1.24172158500069E-32,1.,7.89053498215451E-31));
#1919=DIRECTION('',(1.23259516440783E-32,-7.89053498215451E-31,1.));
#1920=DIRECTION('',(1.23259516440783E-32,-7.88860905221012E-31,1.));
#1921=DIRECTION('center_axis',(1.23259516440783E-32,-7.88860905221012E-31,
1.));
#1922=DIRECTION('ref_axis',(-1.,1.33226762955017E-14,1.23259516440888E-32));
#1923=DIRECTION('',(3.46944695195363E-18,-7.88860905221012E-31,1.));
#1924=DIRECTION('center_axis',(-1.24172158500069E-32,1.,7.88860905221012E-31));
#1925=DIRECTION('ref_axis',(-1.,-1.24172158500069E-32,3.46944695195363E-18));
#1926=DIRECTION('',(1.23259516440783E-32,-7.88860905221012E-31,1.));
#1927=DIRECTION('center_axis',(1.23259516440783E-32,-7.88860905221012E-31,
1.));
#1928=DIRECTION('ref_axis',(1.24172158500069E-32,-1.,-7.88860905221012E-31));
#1929=DIRECTION('',(1.23259516440783E-32,-7.89053498215451E-31,1.));
#1930=DIRECTION('center_axis',(-1.,-1.24172158500069E-32,1.23259516440783E-32));
#1931=DIRECTION('ref_axis',(1.24172158500069E-32,-1.,-7.89053498215451E-31));
#1932=DIRECTION('',(1.23259516440783E-32,-7.88860905221012E-31,1.));
#1933=DIRECTION('center_axis',(1.23259516440783E-32,-7.88860905221012E-31,
1.));
#1934=DIRECTION('ref_axis',(1.,1.24172158500069E-32,-1.23259516440783E-32));
#1935=DIRECTION('',(3.46944695195363E-18,-7.88860905221012E-31,1.));
#1936=DIRECTION('center_axis',(1.24172158500069E-32,-1.,-7.88860905221012E-31));
#1937=DIRECTION('ref_axis',(1.,1.24172158500069E-32,-3.46944695195363E-18));
#1938=DIRECTION('',(1.23259516440783E-32,-7.88860905221012E-31,1.));
#1939=DIRECTION('center_axis',(1.23259516440783E-32,-7.88860905221012E-31,
1.));
#1940=DIRECTION('ref_axis',(-1.24172158500069E-32,1.,7.88860905221012E-31));
#1941=DIRECTION('center_axis',(1.,1.24172158500069E-32,-1.23259516440783E-32));
#1942=DIRECTION('ref_axis',(-1.24172158500069E-32,1.,7.89053498215451E-31));
#1943=DIRECTION('',(1.23259516440783E-32,-7.89053498215451E-31,1.));
#1944=DIRECTION('',(1.23259516440783E-32,-7.88860905221012E-31,1.));
#1945=DIRECTION('center_axis',(1.23259516440783E-32,-7.88860905221012E-31,
1.));
#1946=DIRECTION('ref_axis',(-1.,1.33226762955019E-14,1.23259516440888E-32));
#1947=DIRECTION('',(3.46944695195363E-18,-7.88860905221012E-31,1.));
#1948=DIRECTION('center_axis',(-1.24172158500069E-32,1.,7.88860905221012E-31));
#1949=DIRECTION('ref_axis',(-1.,-1.24172158500069E-32,3.46944695195363E-18));
#1950=DIRECTION('',(1.23259516440783E-32,-7.88860905221012E-31,1.));
#1951=DIRECTION('center_axis',(1.23259516440783E-32,-7.88860905221012E-31,
1.));
#1952=DIRECTION('ref_axis',(2.22044604925028E-14,-1.,-7.88860905221012E-31));
#1953=DIRECTION('',(1.23259516440783E-32,-7.89053498215451E-31,1.));
#1954=DIRECTION('center_axis',(-1.,-1.24172158500069E-32,1.23259516440783E-32));
#1955=DIRECTION('ref_axis',(1.24172158500069E-32,-1.,-7.89053498215451E-31));
#1956=DIRECTION('',(1.23259516440783E-32,-7.88860905221012E-31,1.));
#1957=DIRECTION('center_axis',(1.23259516440783E-32,-7.88860905221012E-31,
1.));
#1958=DIRECTION('ref_axis',(1.,1.24172158500069E-32,-1.23259516440783E-32));
#1959=DIRECTION('',(3.46944695195363E-18,-7.88860905221012E-31,1.));
#1960=DIRECTION('center_axis',(1.24172158500069E-32,-1.,-7.88860905221012E-31));
#1961=DIRECTION('ref_axis',(1.,1.24172158500069E-32,-3.46944695195363E-18));
#1962=DIRECTION('',(1.23259516440783E-32,-7.88860905221012E-31,1.));
#1963=DIRECTION('center_axis',(1.23259516440783E-32,-7.88860905221012E-31,
1.));
#1964=DIRECTION('ref_axis',(-1.24172158500069E-32,1.,7.88860905221012E-31));
#1965=DIRECTION('center_axis',(0.,-1.,-7.89053498215451E-31));
#1966=DIRECTION('ref_axis',(0.,7.89053498215451E-31,-1.));
#1967=DIRECTION('',(3.46944695195363E-18,-7.89053498215451E-31,1.));
#1968=DIRECTION('',(3.46944695195363E-18,-7.89053498215451E-31,1.));
#1969=DIRECTION('center_axis',(-1.,0.,3.46944695195363E-18));
#1970=DIRECTION('ref_axis',(3.46944695195363E-18,0.,1.));
#1971=DIRECTION('',(3.46944695195363E-18,-7.89053498215451E-31,1.));
#1972=DIRECTION('center_axis',(0.,-1.,-7.89053498215451E-31));
#1973=DIRECTION('ref_axis',(0.,7.89053498215451E-31,-1.));
#1974=DIRECTION('',(3.46944695195363E-18,-7.89053498215451E-31,1.));
#1975=DIRECTION('center_axis',(-1.,0.,3.46944695195363E-18));
#1976=DIRECTION('ref_axis',(3.46944695195363E-18,0.,1.));
#1977=DIRECTION('center_axis',(0.,-1.,-7.89053498215451E-31));
#1978=DIRECTION('ref_axis',(0.,7.89053498215451E-31,-1.));
#1979=DIRECTION('',(3.46944695195363E-18,-7.89053498215451E-31,1.));
#1980=DIRECTION('',(3.46944695195363E-18,-7.89053498215451E-31,1.));
#1981=DIRECTION('center_axis',(-1.,0.,3.46944695195363E-18));
#1982=DIRECTION('ref_axis',(3.46944695195363E-18,0.,1.));
#1983=DIRECTION('',(3.46944695195363E-18,-7.89053498215451E-31,1.));
#1984=DIRECTION('center_axis',(0.,-1.,-7.89053498215451E-31));
#1985=DIRECTION('ref_axis',(0.,7.89053498215451E-31,-1.));
#1986=DIRECTION('',(3.46944695195363E-18,-7.89053498215451E-31,1.));
#1987=DIRECTION('center_axis',(-1.,0.,3.46944695195363E-18));
#1988=DIRECTION('ref_axis',(3.46944695195363E-18,0.,1.));
#1989=CARTESIAN_POINT('',(0.,0.,0.));
#1990=CARTESIAN_POINT('Origin',(0.050673332034356,0.131272867965644,0.0128));
#1991=CARTESIAN_POINT('',(0.052123332034356,0.131272867965644,0.0128));
#1992=CARTESIAN_POINT('Origin',(0.050673332034356,0.131272867965644,0.0128));
#1993=CARTESIAN_POINT('',(0.052123332034356,0.131272867965644,0.0098));
#1994=CARTESIAN_POINT('',(0.052123332034356,0.131272867965644,0.0128));
#1995=CARTESIAN_POINT('Origin',(0.050673332034356,0.131272867965644,0.0098));
#1996=CARTESIAN_POINT('Origin',(0.0506733333009548,0.0412728678911382,0.0128));
#1997=CARTESIAN_POINT('',(0.0521233333009548,0.0412728678911382,0.0128));
#1998=CARTESIAN_POINT('Origin',(0.0506733333009548,0.0412728678911382,0.0128));
#1999=CARTESIAN_POINT('',(0.0521233333009548,0.0412728678911382,0.0098));
#2000=CARTESIAN_POINT('',(0.0521233333009548,0.0412728678911382,0.0128));
#2001=CARTESIAN_POINT('Origin',(0.0506733333009548,0.0412728678911382,0.0098));
#2002=CARTESIAN_POINT('Origin',(-0.039326667965644,0.131272867965644,0.0128));
#2003=CARTESIAN_POINT('',(-0.037876667965644,0.131272867965644,0.0128));
#2004=CARTESIAN_POINT('Origin',(-0.039326667965644,0.131272867965644,0.0128));
#2005=CARTESIAN_POINT('',(-0.037876667965644,0.131272867965644,0.0098));
#2006=CARTESIAN_POINT('',(-0.037876667965644,0.131272867965644,0.0128));
#2007=CARTESIAN_POINT('Origin',(-0.039326667965644,0.131272867965644,0.0098));
#2008=CARTESIAN_POINT('Origin',(-0.039326667965644,0.041272867965644,0.0128));
#2009=CARTESIAN_POINT('',(-0.037876667965644,0.041272867965644,0.0128));
#2010=CARTESIAN_POINT('Origin',(-0.039326667965644,0.041272867965644,0.0128));
#2011=CARTESIAN_POINT('',(-0.037876667965644,0.041272867965644,0.0098));
#2012=CARTESIAN_POINT('',(-0.037876667965644,0.041272867965644,0.0128));
#2013=CARTESIAN_POINT('Origin',(-0.039326667965644,0.041272867965644,0.0098));
#2014=CARTESIAN_POINT('Origin',(0.0191820785828353,0.113272870108485,0.0128));
#2015=CARTESIAN_POINT('',(0.0191820785828353,0.113272870108485,0.0128));
#2016=CARTESIAN_POINT('',(-0.0203266675770283,0.113272870108485,0.0128));
#2017=CARTESIAN_POINT('',(0.0199500892914177,0.113272870108485,0.0128));
#2018=CARTESIAN_POINT('',(0.0191820785828353,0.113272870108485,0.0098));
#2019=CARTESIAN_POINT('',(0.0191820785828353,0.113272870108485,0.0128));
#2020=CARTESIAN_POINT('',(-0.0203266675770283,0.113272870108485,0.0098));
#2021=CARTESIAN_POINT('',(0.00995008929141766,0.113272870108485,0.0098));
#2022=CARTESIAN_POINT('',(-0.0203266675770283,0.113272870108485,0.0128));
#2023=CARTESIAN_POINT('Origin',(0.0191820785828353,0.126253868082299,0.0128));
#2024=CARTESIAN_POINT('',(0.0191820785828353,0.126253868082299,0.0128));
#2025=CARTESIAN_POINT('',(0.0191820785828353,0.171589859041149,0.0128));
#2026=CARTESIAN_POINT('',(0.0191820785828353,0.126253868082299,0.0098));
#2027=CARTESIAN_POINT('',(0.0191820785828353,0.126253868082299,0.0128));
#2028=CARTESIAN_POINT('',(0.0191820785828353,0.0990898590411493,0.0098));
#2029=CARTESIAN_POINT('Origin',(-0.0203266675770283,0.126253868082299,0.0128));
#2030=CARTESIAN_POINT('',(-0.0203266675770283,0.126253868082299,0.0128));
#2031=CARTESIAN_POINT('',(0.000195716211485861,0.126253868082299,0.0128));
#2032=CARTESIAN_POINT('',(-0.0203266675770283,0.126253868082299,0.0098));
#2033=CARTESIAN_POINT('',(-0.0203266675770283,0.126253868082299,0.0128));
#2034=CARTESIAN_POINT('',(-0.00980428378851414,0.126253868082299,0.0098));
#2035=CARTESIAN_POINT('Origin',(-0.0203266675770283,0.113272870108485,0.0128));
#2036=CARTESIAN_POINT('',(-0.0203266675770283,0.165099360054243,0.0128));
#2037=CARTESIAN_POINT('',(-0.0203266675770283,0.0925993600542426,0.0098));
#2038=CARTESIAN_POINT('Origin',(0.0207181,0.21692585,0.0128));
#2039=CARTESIAN_POINT('',(-0.044327,0.138173,0.0128));
#2040=CARTESIAN_POINT('',(-0.044327,0.0362727,0.0128));
#2041=CARTESIAN_POINT('',(-0.044327,0.21692585,0.0128));
#2042=CARTESIAN_POINT('',(0.0562362,0.0362727,0.0128));
#2043=CARTESIAN_POINT('',(0.0207181,0.0362727,0.0128));
#2044=CARTESIAN_POINT('',(0.0562362,0.138173,0.0128));
#2045=CARTESIAN_POINT('',(0.0562362,0.21692585,0.0128));
#2046=CARTESIAN_POINT('',(0.0312362,0.138173,0.0128));
#2047=CARTESIAN_POINT('',(-0.027275,0.090675,0.0128));
#2048=CARTESIAN_POINT('',(-0.026775,0.091175,0.0128));
#2049=CARTESIAN_POINT('Origin',(-0.026775,0.090675,0.0128));
#2050=CARTESIAN_POINT('',(-0.013775,0.091175,0.0128));
#2051=CARTESIAN_POINT('',(0.0207181,0.091175,0.0128));
#2052=CARTESIAN_POINT('',(-0.013275,0.090675,0.0128));
#2053=CARTESIAN_POINT('Origin',(-0.013775,0.090675,0.0128));
#2054=CARTESIAN_POINT('',(-0.013275,0.077675,0.0128));
#2055=CARTESIAN_POINT('',(-0.013275,0.21692585,0.0128));
#2056=CARTESIAN_POINT('',(-0.013775,0.077175,0.0128));
#2057=CARTESIAN_POINT('Origin',(-0.013775,0.077675,0.0128));
#2058=CARTESIAN_POINT('',(-0.026775,0.077175,0.0128));
#2059=CARTESIAN_POINT('',(0.0207181,0.077175,0.0128));
#2060=CARTESIAN_POINT('',(-0.027275,0.077675,0.0128));
#2061=CARTESIAN_POINT('Origin',(-0.026775,0.077675,0.0128));
#2062=CARTESIAN_POINT('',(-0.027275,0.21692585,0.0128));
#2063=CARTESIAN_POINT('',(-0.0062819,0.090675,0.0128));
#2064=CARTESIAN_POINT('',(-0.0057819,0.091175,0.0128));
#2065=CARTESIAN_POINT('Origin',(-0.0057819,0.090675,0.0128));
#2066=CARTESIAN_POINT('',(0.0072181,0.091175,0.0128));
#2067=CARTESIAN_POINT('',(0.0207181,0.091175,0.0128));
#2068=CARTESIAN_POINT('',(0.0077181,0.090675,0.0128));
#2069=CARTESIAN_POINT('Origin',(0.0072181,0.090675,0.0128));
#2070=CARTESIAN_POINT('',(0.0077181,0.077675,0.0128));
#2071=CARTESIAN_POINT('',(0.0077181,0.21692585,0.0128));
#2072=CARTESIAN_POINT('',(0.0072181,0.077175,0.0128));
#2073=CARTESIAN_POINT('Origin',(0.0072181,0.077675,0.0128));
#2074=CARTESIAN_POINT('',(-0.0057819,0.077175,0.0128));
#2075=CARTESIAN_POINT('',(0.0207181,0.077175,0.0128));
#2076=CARTESIAN_POINT('',(-0.0062819,0.077675,0.0128));
#2077=CARTESIAN_POINT('Origin',(-0.0057819,0.077675,0.0128));
#2078=CARTESIAN_POINT('',(-0.0062819,0.21692585,0.0128));
#2079=CARTESIAN_POINT('',(0.0147112,0.0661767,0.0128));
#2080=CARTESIAN_POINT('',(0.0152112,0.0666767,0.0128));
#2081=CARTESIAN_POINT('Origin',(0.0152112,0.0661767,0.0128));
#2082=CARTESIAN_POINT('',(0.0282112,0.0666767,0.0128));
#2083=CARTESIAN_POINT('',(0.0207181,0.0666767,0.0128));
#2084=CARTESIAN_POINT('',(0.0287112,0.0661767,0.0128));
#2085=CARTESIAN_POINT('Origin',(0.0282112,0.0661767,0.0128));
#2086=CARTESIAN_POINT('',(0.0287112,0.0531767,0.0128));
#2087=CARTESIAN_POINT('',(0.0287112,0.21692585,0.0128));
#2088=CARTESIAN_POINT('',(0.0282112,0.0526767,0.0128));
#2089=CARTESIAN_POINT('Origin',(0.0282112,0.0531767,0.0128));
#2090=CARTESIAN_POINT('',(0.0152112,0.0526767,0.0128));
#2091=CARTESIAN_POINT('',(0.0207181,0.0526767,0.0128));
#2092=CARTESIAN_POINT('',(0.0147112,0.0531767,0.0128));
#2093=CARTESIAN_POINT('Origin',(0.0152112,0.0531767,0.0128));
#2094=CARTESIAN_POINT('',(0.0147112,0.21692585,0.0128));
#2095=CARTESIAN_POINT('',(-0.027275,0.0661767,0.0128));
#2096=CARTESIAN_POINT('',(-0.026775,0.0666767,0.0128));
#2097=CARTESIAN_POINT('Origin',(-0.026775,0.0661767,0.0128));
#2098=CARTESIAN_POINT('',(-0.013775,0.0666767,0.0128));
#2099=CARTESIAN_POINT('',(0.0207181,0.0666767,0.0128));
#2100=CARTESIAN_POINT('',(-0.013275,0.0661767,0.0128));
#2101=CARTESIAN_POINT('Origin',(-0.013775,0.0661767,0.0128));
#2102=CARTESIAN_POINT('',(-0.013275,0.0531767,0.0128));
#2103=CARTESIAN_POINT('',(-0.013275,0.21692585,0.0128));
#2104=CARTESIAN_POINT('',(-0.013775,0.0526767,0.0128));
#2105=CARTESIAN_POINT('Origin',(-0.013775,0.0531767,0.0128));
#2106=CARTESIAN_POINT('',(-0.026775,0.0526767,0.0128));
#2107=CARTESIAN_POINT('',(0.0207181,0.0526767,0.0128));
#2108=CARTESIAN_POINT('',(-0.027275,0.0531767,0.0128));
#2109=CARTESIAN_POINT('Origin',(-0.026775,0.0531767,0.0128));
#2110=CARTESIAN_POINT('',(-0.027275,0.21692585,0.0128));
#2111=CARTESIAN_POINT('',(0.0147112,0.090675,0.0128));
#2112=CARTESIAN_POINT('',(0.0152112,0.091175,0.0128));
#2113=CARTESIAN_POINT('Origin',(0.0152112,0.090675,0.0128));
#2114=CARTESIAN_POINT('',(0.0282112,0.091175,0.0128));
#2115=CARTESIAN_POINT('',(0.0207181,0.091175,0.0128));
#2116=CARTESIAN_POINT('',(0.0287112,0.090675,0.0128));
#2117=CARTESIAN_POINT('Origin',(0.0282112,0.090675,0.0128));
#2118=CARTESIAN_POINT('',(0.0287112,0.077675,0.0128));
#2119=CARTESIAN_POINT('',(0.0287112,0.21692585,0.0128));
#2120=CARTESIAN_POINT('',(0.0282112,0.077175,0.0128));
#2121=CARTESIAN_POINT('Origin',(0.0282112,0.077675,0.0128));
#2122=CARTESIAN_POINT('',(0.0152112,0.077175,0.0128));
#2123=CARTESIAN_POINT('',(0.0207181,0.077175,0.0128));
#2124=CARTESIAN_POINT('',(0.0147112,0.077675,0.0128));
#2125=CARTESIAN_POINT('Origin',(0.0152112,0.077675,0.0128));
#2126=CARTESIAN_POINT('',(0.0147112,0.21692585,0.0128));
#2127=CARTESIAN_POINT('',(-0.0062819,0.0661767,0.0128));
#2128=CARTESIAN_POINT('',(-0.0057819,0.0666767,0.0128));
#2129=CARTESIAN_POINT('Origin',(-0.0057819,0.0661767,0.0128));
#2130=CARTESIAN_POINT('',(0.0072181,0.0666767,0.0128));
#2131=CARTESIAN_POINT('',(0.0207181,0.0666767,0.0128));
#2132=CARTESIAN_POINT('',(0.0077181,0.0661767,0.0128));
#2133=CARTESIAN_POINT('Origin',(0.0072181,0.0661767,0.0128));
#2134=CARTESIAN_POINT('',(0.0077181,0.0531767,0.0128));
#2135=CARTESIAN_POINT('',(0.0077181,0.21692585,0.0128));
#2136=CARTESIAN_POINT('',(0.0072181,0.0526767,0.0128));
#2137=CARTESIAN_POINT('Origin',(0.0072181,0.0531767,0.0128));
#2138=CARTESIAN_POINT('',(-0.0057819,0.0526767,0.0128));
#2139=CARTESIAN_POINT('',(0.0207181,0.0526767,0.0128));
#2140=CARTESIAN_POINT('',(-0.0062819,0.0531767,0.0128));
#2141=CARTESIAN_POINT('Origin',(-0.0057819,0.0531767,0.0128));
#2142=CARTESIAN_POINT('',(-0.0062819,0.21692585,0.0128));
#2143=CARTESIAN_POINT('',(-0.0065319,0.111169518927516,0.0128));
#2144=CARTESIAN_POINT('',(-0.0065319,0.0987403385259706,0.0128));
#2145=CARTESIAN_POINT('',(-0.0065319,0.104954928726743,0.0128));
#2146=CARTESIAN_POINT('',(0.00586089809817076,0.111169518927516,0.0128));
#2147=CARTESIAN_POINT('',(-0.000335500950914621,0.111169518927516,0.0128));
#2148=CARTESIAN_POINT('',(0.00586089809817076,0.0987403385259706,0.0128));
#2149=CARTESIAN_POINT('',(0.00586089809817076,0.104954928726743,0.0128));
#2150=CARTESIAN_POINT('',(-0.000335500950914621,0.0987403385259706,0.0128));
#2151=CARTESIAN_POINT('',(-0.0275247800182705,0.111069518927516,0.0128));
#2152=CARTESIAN_POINT('',(-0.0275247800182705,0.0986403385259706,0.0128));
#2153=CARTESIAN_POINT('',(-0.0275247800182705,0.104854928726743,0.0128));
#2154=CARTESIAN_POINT('',(-0.0151319819200998,0.111069518927516,0.0128));
#2155=CARTESIAN_POINT('',(-0.0213283809691851,0.111069518927516,0.0128));
#2156=CARTESIAN_POINT('',(-0.0151319819200998,0.0986403385259706,0.0128));
#2157=CARTESIAN_POINT('',(-0.0151319819200998,0.104854928726743,0.0128));
#2158=CARTESIAN_POINT('',(-0.0213283809691851,0.0986403385259706,0.0128));
#2159=CARTESIAN_POINT('Origin',(0.0007181,0.07192585,0.0098));
#2160=CARTESIAN_POINT('',(-0.044327,0.0362727,0.0098));
#2161=CARTESIAN_POINT('',(-0.044327,0.138173,0.0098));
#2162=CARTESIAN_POINT('',(-0.044327,0.07192585,0.0098));
#2163=CARTESIAN_POINT('',(0.0562362,0.138173,0.0098));
#2164=CARTESIAN_POINT('',(0.0312362,0.138173,0.0098));
#2165=CARTESIAN_POINT('',(0.0562362,0.0362727,0.0098));
#2166=CARTESIAN_POINT('',(0.0562362,0.07192585,0.0098));
#2167=CARTESIAN_POINT('',(0.0007181,0.0362727,0.0098));
#2168=CARTESIAN_POINT('',(-0.027275,0.090675,0.0098));
#2169=CARTESIAN_POINT('',(-0.026775,0.091175,0.0098));
#2170=CARTESIAN_POINT('Origin',(-0.026775,0.090675,0.0098));
#2171=CARTESIAN_POINT('',(-0.027275,0.077675,0.0098));
#2172=CARTESIAN_POINT('',(-0.027275,0.077675,0.0098));
#2173=CARTESIAN_POINT('',(-0.026775,0.077175,0.0098));
#2174=CARTESIAN_POINT('Origin',(-0.026775,0.077675,0.0098));
#2175=CARTESIAN_POINT('',(-0.013775,0.077175,0.0098));
#2176=CARTESIAN_POINT('',(-0.013775,0.077175,0.0098));
#2177=CARTESIAN_POINT('',(-0.013275,0.077675,0.0098));
#2178=CARTESIAN_POINT('Origin',(-0.013775,0.077675,0.0098));
#2179=CARTESIAN_POINT('',(-0.013275,0.090675,0.0098));
#2180=CARTESIAN_POINT('',(-0.013275,0.090675,0.0098));
#2181=CARTESIAN_POINT('',(-0.013775,0.091175,0.0098));
#2182=CARTESIAN_POINT('Origin',(-0.013775,0.090675,0.0098));
#2183=CARTESIAN_POINT('',(-0.026775,0.091175,0.0098));
#2184=CARTESIAN_POINT('',(-0.0062819,0.090675,0.0098));
#2185=CARTESIAN_POINT('',(-0.0057819,0.091175,0.0098));
#2186=CARTESIAN_POINT('Origin',(-0.0057819,0.090675,0.0098));
#2187=CARTESIAN_POINT('',(-0.0062819,0.077675,0.0098));
#2188=CARTESIAN_POINT('',(-0.0062819,0.077675,0.0098));
#2189=CARTESIAN_POINT('',(-0.0057819,0.077175,0.0098));
#2190=CARTESIAN_POINT('Origin',(-0.0057819,0.077675,0.0098));
#2191=CARTESIAN_POINT('',(0.0072181,0.077175,0.0098));
#2192=CARTESIAN_POINT('',(0.0072181,0.077175,0.0098));
#2193=CARTESIAN_POINT('',(0.0077181,0.077675,0.0098));
#2194=CARTESIAN_POINT('Origin',(0.0072181,0.077675,0.0098));
#2195=CARTESIAN_POINT('',(0.0077181,0.090675,0.0098));
#2196=CARTESIAN_POINT('',(0.0077181,0.090675,0.0098));
#2197=CARTESIAN_POINT('',(0.0072181,0.091175,0.0098));
#2198=CARTESIAN_POINT('Origin',(0.0072181,0.090675,0.0098));
#2199=CARTESIAN_POINT('',(-0.0057819,0.091175,0.0098));
#2200=CARTESIAN_POINT('',(0.0147112,0.0661767,0.0098));
#2201=CARTESIAN_POINT('',(0.0152112,0.0666767,0.0098));
#2202=CARTESIAN_POINT('Origin',(0.0152112,0.0661767,0.0098));
#2203=CARTESIAN_POINT('',(0.0147112,0.0531767,0.0098));
#2204=CARTESIAN_POINT('',(0.0147112,0.0531767,0.0098));
#2205=CARTESIAN_POINT('',(0.0152112,0.0526767,0.0098));
#2206=CARTESIAN_POINT('Origin',(0.0152112,0.0531767,0.0098));
#2207=CARTESIAN_POINT('',(0.0282112,0.0526767,0.0098));
#2208=CARTESIAN_POINT('',(0.0282112,0.0526767,0.0098));
#2209=CARTESIAN_POINT('',(0.0287112,0.0531767,0.0098));
#2210=CARTESIAN_POINT('Origin',(0.0282112,0.0531767,0.0098));
#2211=CARTESIAN_POINT('',(0.0287112,0.0661767,0.0098));
#2212=CARTESIAN_POINT('',(0.0287112,0.0661767,0.0098));
#2213=CARTESIAN_POINT('',(0.0282112,0.0666767,0.0098));
#2214=CARTESIAN_POINT('Origin',(0.0282112,0.0661767,0.0098));
#2215=CARTESIAN_POINT('',(0.0152112,0.0666767,0.0098));
#2216=CARTESIAN_POINT('',(-0.027275,0.0661767,0.0098));
#2217=CARTESIAN_POINT('',(-0.026775,0.0666767,0.0098));
#2218=CARTESIAN_POINT('Origin',(-0.026775,0.0661767,0.0098));
#2219=CARTESIAN_POINT('',(-0.027275,0.0531767,0.0098));
#2220=CARTESIAN_POINT('',(-0.027275,0.0531767,0.0098));
#2221=CARTESIAN_POINT('',(-0.026775,0.0526767,0.0098));
#2222=CARTESIAN_POINT('Origin',(-0.026775,0.0531767,0.0098));
#2223=CARTESIAN_POINT('',(-0.013775,0.0526767,0.0098));
#2224=CARTESIAN_POINT('',(-0.013775,0.0526767,0.0098));
#2225=CARTESIAN_POINT('',(-0.013275,0.0531767,0.0098));
#2226=CARTESIAN_POINT('Origin',(-0.013775,0.0531767,0.0098));
#2227=CARTESIAN_POINT('',(-0.013275,0.0661767,0.0098));
#2228=CARTESIAN_POINT('',(-0.013275,0.0661767,0.0098));
#2229=CARTESIAN_POINT('',(-0.013775,0.0666767,0.0098));
#2230=CARTESIAN_POINT('Origin',(-0.013775,0.0661767,0.0098));
#2231=CARTESIAN_POINT('',(-0.026775,0.0666767,0.0098));
#2232=CARTESIAN_POINT('',(0.0147112,0.090675,0.0098));
#2233=CARTESIAN_POINT('',(0.0152112,0.091175,0.0098));
#2234=CARTESIAN_POINT('Origin',(0.0152112,0.090675,0.0098));
#2235=CARTESIAN_POINT('',(0.0147112,0.077675,0.0098));
#2236=CARTESIAN_POINT('',(0.0147112,0.077675,0.0098));
#2237=CARTESIAN_POINT('',(0.0152112,0.077175,0.0098));
#2238=CARTESIAN_POINT('Origin',(0.0152112,0.077675,0.0098));
#2239=CARTESIAN_POINT('',(0.0282112,0.077175,0.0098));
#2240=CARTESIAN_POINT('',(0.0282112,0.077175,0.0098));
#2241=CARTESIAN_POINT('',(0.0287112,0.077675,0.0098));
#2242=CARTESIAN_POINT('Origin',(0.0282112,0.077675,0.0098));
#2243=CARTESIAN_POINT('',(0.0287112,0.090675,0.0098));
#2244=CARTESIAN_POINT('',(0.0287112,0.090675,0.0098));
#2245=CARTESIAN_POINT('',(0.0282112,0.091175,0.0098));
#2246=CARTESIAN_POINT('Origin',(0.0282112,0.090675,0.0098));
#2247=CARTESIAN_POINT('',(0.0152112,0.091175,0.0098));
#2248=CARTESIAN_POINT('',(-0.0062819,0.0661767,0.0098));
#2249=CARTESIAN_POINT('',(-0.0057819,0.0666767,0.0098));
#2250=CARTESIAN_POINT('Origin',(-0.0057819,0.0661767,0.0098));
#2251=CARTESIAN_POINT('',(-0.0062819,0.0531767,0.0098));
#2252=CARTESIAN_POINT('',(-0.0062819,0.0531767,0.0098));
#2253=CARTESIAN_POINT('',(-0.0057819,0.0526767,0.0098));
#2254=CARTESIAN_POINT('Origin',(-0.0057819,0.0531767,0.0098));
#2255=CARTESIAN_POINT('',(0.0072181,0.0526767,0.0098));
#2256=CARTESIAN_POINT('',(0.0072181,0.0526767,0.0098));
#2257=CARTESIAN_POINT('',(0.0077181,0.0531767,0.0098));
#2258=CARTESIAN_POINT('Origin',(0.0072181,0.0531767,0.0098));
#2259=CARTESIAN_POINT('',(0.0077181,0.0661767,0.0098));
#2260=CARTESIAN_POINT('',(0.0077181,0.0661767,0.0098));
#2261=CARTESIAN_POINT('',(0.0072181,0.0666767,0.0098));
#2262=CARTESIAN_POINT('Origin',(0.0072181,0.0661767,0.0098));
#2263=CARTESIAN_POINT('',(-0.0057819,0.0666767,0.0098));
#2264=CARTESIAN_POINT('',(-0.0275247800182705,0.111069518927516,0.0098));
#2265=CARTESIAN_POINT('',(-0.0151319819200998,0.111069518927516,0.0098));
#2266=CARTESIAN_POINT('',(0.0007181,0.111069518927516,0.0098));
#2267=CARTESIAN_POINT('',(-0.0275247800182705,0.0986403385259706,0.0098));
#2268=CARTESIAN_POINT('',(-0.0275247800182705,0.07192585,0.0098));
#2269=CARTESIAN_POINT('',(-0.0151319819200998,0.0986403385259706,0.0098));
#2270=CARTESIAN_POINT('',(0.0007181,0.0986403385259706,0.0098));
#2271=CARTESIAN_POINT('',(-0.0151319819200998,0.07192585,0.0098));
#2272=CARTESIAN_POINT('',(-0.0065319,0.111169518927516,0.0098));
#2273=CARTESIAN_POINT('',(0.00586089809817076,0.111169518927516,0.0098));
#2274=CARTESIAN_POINT('',(0.0007181,0.111169518927516,0.0098));
#2275=CARTESIAN_POINT('',(-0.0065319,0.0987403385259706,0.0098));
#2276=CARTESIAN_POINT('',(-0.0065319,0.07192585,0.0098));
#2277=CARTESIAN_POINT('',(0.00586089809817076,0.0987403385259706,0.0098));
#2278=CARTESIAN_POINT('',(0.0007181,0.0987403385259706,0.0098));
#2279=CARTESIAN_POINT('',(0.00586089809817076,0.07192585,0.0098));
#2280=CARTESIAN_POINT('Origin',(0.0312362,0.138173,0.0098));
#2281=CARTESIAN_POINT('',(-0.044327,0.138173,0.0098));
#2282=CARTESIAN_POINT('',(0.0562362,0.138173,0.0098));
#2283=CARTESIAN_POINT('Origin',(-0.044327,0.0937,0.0098));
#2284=CARTESIAN_POINT('',(-0.044327,0.0362727,0.0098));
#2285=CARTESIAN_POINT('Origin',(-0.0298,0.0362727,0.0098));
#2286=CARTESIAN_POINT('',(0.0562362,0.0362727,0.0098));
#2287=CARTESIAN_POINT('Origin',(0.0562362,0.0501517,0.0098));
#2288=CARTESIAN_POINT('Origin',(-0.0062819,0.0531767,0.0098));
#2289=CARTESIAN_POINT('',(-0.0062819,0.0661767,0.0098));
#2290=CARTESIAN_POINT('',(-0.0062819,0.0531767,0.0098));
#2291=CARTESIAN_POINT('Origin',(-0.0057819,0.0531767,0.0098));
#2292=CARTESIAN_POINT('',(-0.0057819,0.0526767,0.0098));
#2293=CARTESIAN_POINT('Origin',(0.0072181,0.0526767,0.0098));
#2294=CARTESIAN_POINT('',(0.0072181,0.0526767,0.0098));
#2295=CARTESIAN_POINT('Origin',(0.0072181,0.0531767,0.0098));
#2296=CARTESIAN_POINT('',(0.0077181,0.0531767,0.0098));
#2297=CARTESIAN_POINT('Origin',(0.0077181,0.0661767,0.0098));
#2298=CARTESIAN_POINT('',(0.0077181,0.0661767,0.0098));
#2299=CARTESIAN_POINT('Origin',(0.0072181,0.0661767,0.0098));
#2300=CARTESIAN_POINT('',(0.0072181,0.0666767,0.0098));
#2301=CARTESIAN_POINT('Origin',(-0.0057819,0.0666767,0.0098));
#2302=CARTESIAN_POINT('',(-0.0057819,0.0666767,0.0098));
#2303=CARTESIAN_POINT('Origin',(-0.0057819,0.0661767,0.0098));
#2304=CARTESIAN_POINT('Origin',(0.0147112,0.077675,0.0098));
#2305=CARTESIAN_POINT('',(0.0147112,0.090675,0.0098));
#2306=CARTESIAN_POINT('',(0.0147112,0.077675,0.0098));
#2307=CARTESIAN_POINT('Origin',(0.0152112,0.077675,0.0098));
#2308=CARTESIAN_POINT('',(0.0152112,0.077175,0.0098));
#2309=CARTESIAN_POINT('Origin',(0.0282112,0.077175,0.0098));
#2310=CARTESIAN_POINT('',(0.0282112,0.077175,0.0098));
#2311=CARTESIAN_POINT('Origin',(0.0282112,0.077675,0.0098));
#2312=CARTESIAN_POINT('',(0.0287112,0.077675,0.0098));
#2313=CARTESIAN_POINT('Origin',(0.0287112,0.090675,0.0098));
#2314=CARTESIAN_POINT('',(0.0287112,0.090675,0.0098));
#2315=CARTESIAN_POINT('Origin',(0.0282112,0.090675,0.0098));
#2316=CARTESIAN_POINT('',(0.0282112,0.091175,0.0098));
#2317=CARTESIAN_POINT('Origin',(0.0152112,0.091175,0.0098));
#2318=CARTESIAN_POINT('',(0.0152112,0.091175,0.0098));
#2319=CARTESIAN_POINT('Origin',(0.0152112,0.090675,0.0098));
#2320=CARTESIAN_POINT('Origin',(-0.027275,0.0531767,0.0098));
#2321=CARTESIAN_POINT('',(-0.027275,0.0661767,0.0098));
#2322=CARTESIAN_POINT('',(-0.027275,0.0531767,0.0098));
#2323=CARTESIAN_POINT('Origin',(-0.026775,0.0531767,0.0098));
#2324=CARTESIAN_POINT('',(-0.026775,0.0526767,0.0098));
#2325=CARTESIAN_POINT('Origin',(-0.013775,0.0526767,0.0098));
#2326=CARTESIAN_POINT('',(-0.013775,0.0526767,0.0098));
#2327=CARTESIAN_POINT('Origin',(-0.013775,0.0531767,0.0098));
#2328=CARTESIAN_POINT('',(-0.013275,0.0531767,0.0098));
#2329=CARTESIAN_POINT('Origin',(-0.013275,0.0661767,0.0098));
#2330=CARTESIAN_POINT('',(-0.013275,0.0661767,0.0098));
#2331=CARTESIAN_POINT('Origin',(-0.013775,0.0661767,0.0098));
#2332=CARTESIAN_POINT('',(-0.013775,0.0666767,0.0098));
#2333=CARTESIAN_POINT('Origin',(-0.026775,0.0666767,0.0098));
#2334=CARTESIAN_POINT('',(-0.026775,0.0666767,0.0098));
#2335=CARTESIAN_POINT('Origin',(-0.026775,0.0661767,0.0098));
#2336=CARTESIAN_POINT('Origin',(0.0147112,0.0531767,0.0098));
#2337=CARTESIAN_POINT('',(0.0147112,0.0661767,0.0098));
#2338=CARTESIAN_POINT('',(0.0147112,0.0531767,0.0098));
#2339=CARTESIAN_POINT('Origin',(0.0152112,0.0531767,0.0098));
#2340=CARTESIAN_POINT('',(0.0152112,0.0526767,0.0098));
#2341=CARTESIAN_POINT('Origin',(0.0282112,0.0526767,0.0098));
#2342=CARTESIAN_POINT('',(0.0282112,0.0526767,0.0098));
#2343=CARTESIAN_POINT('Origin',(0.0282112,0.0531767,0.0098));
#2344=CARTESIAN_POINT('',(0.0287112,0.0531767,0.0098));
#2345=CARTESIAN_POINT('Origin',(0.0287112,0.0661767,0.0098));
#2346=CARTESIAN_POINT('',(0.0287112,0.0661767,0.0098));
#2347=CARTESIAN_POINT('Origin',(0.0282112,0.0661767,0.0098));
#2348=CARTESIAN_POINT('',(0.0282112,0.0666767,0.0098));
#2349=CARTESIAN_POINT('Origin',(0.0152112,0.0666767,0.0098));
#2350=CARTESIAN_POINT('',(0.0152112,0.0666767,0.0098));
#2351=CARTESIAN_POINT('Origin',(0.0152112,0.0661767,0.0098));
#2352=CARTESIAN_POINT('Origin',(-0.0062819,0.077675,0.0098));
#2353=CARTESIAN_POINT('',(-0.0062819,0.090675,0.0098));
#2354=CARTESIAN_POINT('',(-0.0062819,0.077675,0.0098));
#2355=CARTESIAN_POINT('Origin',(-0.0057819,0.077675,0.0098));
#2356=CARTESIAN_POINT('',(-0.0057819,0.077175,0.0098));
#2357=CARTESIAN_POINT('Origin',(0.0072181,0.077175,0.0098));
#2358=CARTESIAN_POINT('',(0.0072181,0.077175,0.0098));
#2359=CARTESIAN_POINT('Origin',(0.0072181,0.077675,0.0098));
#2360=CARTESIAN_POINT('',(0.0077181,0.077675,0.0098));
#2361=CARTESIAN_POINT('Origin',(0.0077181,0.090675,0.0098));
#2362=CARTESIAN_POINT('',(0.0077181,0.090675,0.0098));
#2363=CARTESIAN_POINT('Origin',(0.0072181,0.090675,0.0098));
#2364=CARTESIAN_POINT('',(0.0072181,0.091175,0.0098));
#2365=CARTESIAN_POINT('Origin',(-0.0057819,0.091175,0.0098));
#2366=CARTESIAN_POINT('',(-0.0057819,0.091175,0.0098));
#2367=CARTESIAN_POINT('Origin',(-0.0057819,0.090675,0.0098));
#2368=CARTESIAN_POINT('Origin',(-0.027275,0.077675,0.0098));
#2369=CARTESIAN_POINT('',(-0.027275,0.090675,0.0098));
#2370=CARTESIAN_POINT('',(-0.027275,0.077675,0.0098));
#2371=CARTESIAN_POINT('Origin',(-0.026775,0.077675,0.0098));
#2372=CARTESIAN_POINT('',(-0.026775,0.077175,0.0098));
#2373=CARTESIAN_POINT('Origin',(-0.013775,0.077175,0.0098));
#2374=CARTESIAN_POINT('',(-0.013775,0.077175,0.0098));
#2375=CARTESIAN_POINT('Origin',(-0.013775,0.077675,0.0098));
#2376=CARTESIAN_POINT('',(-0.013275,0.077675,0.0098));
#2377=CARTESIAN_POINT('Origin',(-0.013275,0.090675,0.0098));
#2378=CARTESIAN_POINT('',(-0.013275,0.090675,0.0098));
#2379=CARTESIAN_POINT('Origin',(-0.013775,0.090675,0.0098));
#2380=CARTESIAN_POINT('',(-0.013775,0.091175,0.0098));
#2381=CARTESIAN_POINT('Origin',(-0.026775,0.091175,0.0098));
#2382=CARTESIAN_POINT('',(-0.026775,0.091175,0.0098));
#2383=CARTESIAN_POINT('Origin',(-0.026775,0.090675,0.0098));
#2384=CARTESIAN_POINT('Origin',(-0.000335500950914622,0.111169518927516,
-0.0122));
#2385=CARTESIAN_POINT('',(0.00586089809817076,0.111169518927516,-0.0122));
#2386=CARTESIAN_POINT('',(-0.0065319,0.111169518927516,-0.0122));
#2387=CARTESIAN_POINT('Origin',(-0.0065319,0.104954928726743,-0.0122));
#2388=CARTESIAN_POINT('',(-0.0065319,0.0987403385259706,-0.0122));
#2389=CARTESIAN_POINT('Origin',(-0.000335500950914622,0.0987403385259706,
-0.0122));
#2390=CARTESIAN_POINT('',(0.00586089809817076,0.0987403385259706,-0.0122));
#2391=CARTESIAN_POINT('Origin',(0.00586089809817076,0.104954928726743,-0.0122));
#2392=CARTESIAN_POINT('Origin',(-0.0213283809691851,0.111069518927516,-0.0122));
#2393=CARTESIAN_POINT('',(-0.0151319819200998,0.111069518927516,-0.0122));
#2394=CARTESIAN_POINT('',(-0.0275247800182705,0.111069518927516,-0.0122));
#2395=CARTESIAN_POINT('Origin',(-0.0275247800182705,0.104854928726743,-0.0122));
#2396=CARTESIAN_POINT('',(-0.0275247800182705,0.0986403385259706,-0.0122));
#2397=CARTESIAN_POINT('Origin',(-0.0213283809691851,0.0986403385259706,
-0.0122));
#2398=CARTESIAN_POINT('',(-0.0151319819200998,0.0986403385259706,-0.0122));
#2399=CARTESIAN_POINT('Origin',(-0.0151319819200998,0.104854928726743,-0.0122));
#2400=UNCERTAINTY_MEASURE_WITH_UNIT(LENGTH_MEASURE(1.E-5),#2404,
'DISTANCE_ACCURACY_VALUE',
'Maximum model space distance between geometric entities at asserted c
onnectivities');
#2401=UNCERTAINTY_MEASURE_WITH_UNIT(LENGTH_MEASURE(1.E-5),#2404,
'DISTANCE_ACCURACY_VALUE',
'Maximum model space distance between geometric entities at asserted c
onnectivities');
#2402=(
GEOMETRIC_REPRESENTATION_CONTEXT(3)
GLOBAL_UNCERTAINTY_ASSIGNED_CONTEXT((#2400))
GLOBAL_UNIT_ASSIGNED_CONTEXT((#2404,#2405,#2406))
REPRESENTATION_CONTEXT('','3D')
);
#2403=(
GEOMETRIC_REPRESENTATION_CONTEXT(3)
GLOBAL_UNCERTAINTY_ASSIGNED_CONTEXT((#2401))
GLOBAL_UNIT_ASSIGNED_CONTEXT((#2404,#2405,#2406))
REPRESENTATION_CONTEXT('','3D')
);
#2404=(
LENGTH_UNIT()
NAMED_UNIT(*)
SI_UNIT($,.METRE.)
);
#2405=(
NAMED_UNIT(*)
PLANE_ANGLE_UNIT()
SI_UNIT($,.RADIAN.)
);
#2406=(
NAMED_UNIT(*)
SI_UNIT($,.STERADIAN.)
SOLID_ANGLE_UNIT()
);
#2407=SHAPE_DEFINITION_REPRESENTATION(#2408,#2409);
#2408=PRODUCT_DEFINITION_SHAPE('',$,#2411);
#2409=SHAPE_REPRESENTATION('',(#1460),#2402);
#2410=PRODUCT_DEFINITION_CONTEXT('part definition',#2415,'design');
#2411=PRODUCT_DEFINITION('2026-09-11-07-55-58-097',
'Component1:1__Body1',#2412,#2410);
#2412=PRODUCT_DEFINITION_FORMATION('',$,#2417);
#2413=PRODUCT_RELATED_PRODUCT_CATEGORY('Component1:1__Body1',
'Component1:1__Body1',(#2417));
#2414=APPLICATION_PROTOCOL_DEFINITION('international standard',
'automotive_design',2009,#2415);
#2415=APPLICATION_CONTEXT(
'Core Data for Automotive Mechanical Design Process');
#2416=PRODUCT_CONTEXT('part definition',#2415,'mechanical');
#2417=PRODUCT('2026-09-11-07-55-58-097','Component1:1__Body1',
'Component1:1__Body1',(#2416));
#2418=PRESENTATION_STYLE_ASSIGNMENT((#2420));
#2419=PRESENTATION_STYLE_ASSIGNMENT((#2421));
#2420=SURFACE_STYLE_USAGE(.BOTH.,#2422);
#2421=SURFACE_STYLE_USAGE(.BOTH.,#2423);
#2422=SURFACE_SIDE_STYLE('',(#2424));
#2423=SURFACE_SIDE_STYLE('',(#2425));
#2424=SURFACE_STYLE_FILL_AREA(#2426);
#2425=SURFACE_STYLE_FILL_AREA(#2427);
#2426=FILL_AREA_STYLE('Steel - Satin',(#2428));
#2427=FILL_AREA_STYLE('Opaque(160,160,160)',(#2429));
#2428=FILL_AREA_STYLE_COLOUR('Steel - Satin',#2430);
#2429=FILL_AREA_STYLE_COLOUR('Opaque(160,160,160)',#2431);
#2430=COLOUR_RGB('Steel - Satin',0.627450980392157,0.627450980392157,0.627450980392157);
#2431=COLOUR_RGB('Opaque(160,160,160)',0.627450980392157,0.627450980392157,
0.627450980392157);
ENDSEC;
END-ISO-10303-21;
